date,bcra_badlar,bcra_official_fx,bcra_policy_rate,bcra_reserves,datos_cpi_index,datos_emae_index,datos_inflation_mom,wb_arg_gdp_growth,wb_us_gdp_growth,bcra_official_fx_mom,bcra_reserves_mom,datos_emae_mom,bcra_badlar_lag1,bcra_official_fx_lag1,bcra_policy_rate_lag1,bcra_reserves_lag1,datos_cpi_index_lag1,datos_emae_index_lag1,datos_inflation_mom_lag1,wb_arg_gdp_growth_lag1,wb_us_gdp_growth_lag1,bcra_official_fx_mom_lag1,bcra_reserves_mom_lag1,datos_emae_mom_lag1
2004-01-31,,,,,,98.5318118721329,,,,,,,,,,,,,,,,,,
2004-02-29,,,,,,98.02704245284784,,,,,,-0.5122908121694913,,,,,,98.5318118721329,,,,,,
2004-03-31,,,,,,97.51832921205929,,,,,,-0.5189519423002609,,,,,,98.02704245284784,,,,,,-0.5122908121694913
2004-04-30,,,,,,95.45367398805416,,,,,,-2.11719708560163,,,,,,97.51832921205929,,,,,,-0.5189519423002609
2004-05-31,,,,,,96.92320511742082,,,,,,1.5395228574969,,,,,,95.45367398805416,,,,,,-2.11719708560163
2004-06-30,,,,,,98.51378468037176,,,,,,1.6410719817034236,,,,,,96.92320511742082,,,,,,1.5395228574969
2004-07-31,,,,,,100.92681699614886,,,,,,2.449436212004441,,,,,,98.51378468037176,,,,,,1.6410719817034236
2004-08-31,,,,,,102.1001840550244,,,,,,1.1625919590036338,,,,,,100.92681699614886,,,,,,2.449436212004441
2004-09-30,,,,,,102.31541564700828,,,,,,0.2108043134064097,,,,,,102.1001840550244,,,,,,1.1625919590036338
2004-10-31,,,,,,103.23789360922495,,,,,,0.9016021255284334,,,,,,102.31541564700828,,,,,,0.2108043134064097
2004-11-30,,,,,,103.42962763693126,,,,,,0.18572059251038553,,,,,,103.23789360922495,,,,,,0.9016021255284334
2004-12-31,,,,,,103.02221473277548,,,,,,-0.3939034814916975,,,,,,103.42962763693126,,,,,,0.18572059251038553
2005-01-31,,,,,,105.85271124682436,,,,,,2.7474623035340207,,,,,,103.02221473277548,,,,,,-0.3939034814916975
2005-02-28,,,,,,105.97357979639412,,,,,,0.11418559633105119,,,,,,105.85271124682436,,,,,,2.7474623035340207
2005-03-31,,,,,,106.82368025618256,,,,,,0.8021815073358196,,,,,,105.97357979639412,,,,,,0.11418559633105119
2005-04-30,,,,,,108.09660602523924,,,,,,1.191613850041473,,,,,,106.82368025618256,,,,,,0.8021815073358196
2005-05-31,,,,,,108.98270317814443,,,,,,0.8197270806988177,,,,,,108.09660602523924,,,,,,1.191613850041473
2005-06-30,,,,,,108.5960599379108,,,,,,-0.35477486698198835,,,,,,108.98270317814443,,,,,,0.8197270806988177
2005-07-31,,,,,,109.16338851760784,,,,,,0.5224209607801678,,,,,,108.5960599379108,,,,,,-0.35477486698198835
2005-08-31,,,,,,109.30960960615556,,,,,,0.13394700414977034,,,,,,109.16338851760784,,,,,,0.5224209607801678
2005-09-30,,,,,,109.2726022021911,,,,,,-0.03385558149718859,,,,,,109.30960960615556,,,,,,0.13394700414977034
2005-10-31,,,,,,109.9934354975062,,,,,,0.6596651683844046,,,,,,109.2726022021911,,,,,,-0.03385558149718859
2005-11-30,,,,,,111.1467861309117,,,,,,1.0485631512361149,,,,,,109.9934354975062,,,,,,0.6596651683844046
2005-12-31,,,,,,113.00875705981052,,,,,,1.6752359593247501,,,,,,111.1467861309117,,,,,,1.0485631512361149
2006-01-31,,,,,,113.87967841770516,,,,,,0.7706671416921385,,,,,,113.00875705981052,,,,,,1.6752359593247501
2006-02-28,,,,,,114.5941914175268,,,,,,0.6274280097638085,,,,,,113.87967841770516,,,,,,0.7706671416921385
2006-03-31,,,,,,114.4158610887212,,,,,,-0.15561899481959518,,,,,,114.5941914175268,,,,,,0.6274280097638085
2006-04-30,,,,,,115.87147613356898,,,,,,1.2722143861846558,,,,,,114.4158610887212,,,,,,-0.15561899481959518
2006-05-31,,,,,,115.01349296587073,,,,,,-0.7404610662845257,,,,,,115.87147613356898,,,,,,1.2722143861846558
2006-06-30,,,,,,116.32261455282357,,,,,,1.1382330483096448,,,,,,115.01349296587073,,,,,,-0.7404610662845257
2006-07-31,,,,,,118.09034123421964,,,,,,1.519675849955493,,,,,,116.32261455282357,,,,,,1.1382330483096448
2006-08-31,,,,,,118.76539723697849,,,,,,0.5716437057455392,,,,,,118.09034123421964,,,,,,1.519675849955493
2006-09-30,,,,,,119.83234906136028,,,,,,0.8983692634419782,,,,,,118.76539723697849,,,,,,0.5716437057455392
2006-10-31,,,,,,120.48481916522,,,,,,0.544485782821158,,,,,,119.83234906136028,,,,,,0.8983692634419782
2006-11-30,,,,,,120.7969658212205,,,,,,0.25907550690884573,,,,,,120.48481916522,,,,,,0.544485782821158
2006-12-31,,,,,,123.26622824916588,,,,,,2.0441427573602233,,,,,,120.7969658212205,,,,,,0.25907550690884573
2007-01-31,,,,,,122.22460411575972,,,,,,-0.8450198794925923,,,,,,123.26622824916588,,,,,,2.0441427573602233
2007-02-28,,,,,,124.44233957173404,,,,,,1.8144754667185348,,,,,,122.22460411575972,,,,,,-0.8450198794925923
2007-03-31,,,,,,126.49536873681612,,,,,,1.6497834837785552,,,,,,124.44233957173404,,,,,,1.8144754667185348
2007-04-30,,,,,,125.37473862914322,,,,,,-0.8859060366110727,,,,,,126.49536873681612,,,,,,1.6497834837785552
2007-05-31,,,,,,127.21717929360057,,,,,,1.4695469634495195,,,,,,125.37473862914322,,,,,,-0.8859060366110727
2007-06-30,,,,,,128.5448445513741,,,,,,1.0436210464228601,,,,,,127.21717929360057,,,,,,1.4695469634495195
2007-07-31,,,,,,127.55392612201268,,,,,,-0.7708737233451557,,,,,,128.5448445513741,,,,,,1.0436210464228601
2007-08-31,,,,,,128.92573666362583,,,,,,1.0754749644483086,,,,,,127.55392612201268,,,,,,-0.7708737233451557
2007-09-30,,,,,,129.6096887576515,,,,,,0.5305008229738783,,,,,,128.92573666362583,,,,,,1.0754749644483086
2007-10-31,,,,,,131.25947502743148,,,,,,1.272888073101397,,,,,,129.6096887576515,,,,,,0.5305008229738783
2007-11-30,,,,,,132.8429096413998,,,,,,1.2063392860876654,,,,,,131.25947502743148,,,,,,1.272888073101397
2007-12-31,,,,,,133.9705910290607,,,,,,0.84888338467215,,,,,,132.8429096413998,,,,,,1.2063392860876654
2008-01-31,,,,,,135.3936546117934,,,,,,1.0622208738513494,,,,,,133.9705910290607,,,,,,0.84888338467215
2008-02-29,,,,,,133.26963508506316,,,,,,-1.5687733171989016,,,,,,135.3936546117934,,,,,,1.0622208738513494
2008-03-31,,,,,,133.33380340461397,,,,,,0.048149242331052555,,,,,,133.26963508506316,,,,,,-1.5687733171989016
2008-04-30,,,,,,135.56678493278469,,,,,,1.6747302418086196,,,,,,133.33380340461397,,,,,,0.048149242331052555
2008-05-31,,,,,,135.01767081258606,,,,,,-0.4050506327717973,,,,,,135.56678493278469,,,,,,1.6747302418086196
2008-06-30,,,,,,133.43286610587108,,,,,,-1.1737757711098418,,,,,,135.01767081258606,,,,,,-0.4050506327717973
2008-07-31,,,,,,135.26423764639168,,,,,,1.372504086862314,,,,,,133.43286610587108,,,,,,-1.1737757711098418
2008-08-31,,,,,,135.8106360277523,,,,,,0.403948886171257,,,,,,135.26423764639168,,,,,,1.372504086862314
2008-09-30,,,,,,135.77782281360106,,,,,,-0.024161004698142197,,,,,,135.8106360277523,,,,,,0.403948886171257
2008-10-31,,,,,,132.77007696393036,,,,,,-2.2151966995374472,,,,,,135.77782281360106,,,,,,-0.024161004698142197
2008-11-30,,,,,,130.371407837739,,,,,,-1.8066338297318296,,,,,,132.77007696393036,,,,,,-2.2151966995374472
2008-12-31,,,,,,124.87177117242462,,,,,,-4.218437736101832,,,,,,130.371407837739,,,,,,-1.8066338297318296
2009-01-31,,,,,,124.64114337388504,,,,,,-0.18469170123415202,,,,,,124.87177117242462,,,,,,-4.218437736101832
2009-02-28,,,,,,126.0508982685594,,,,,,1.131050996897165,,,,,,124.64114337388504,,,,,,-0.18469170123415202
2009-03-31,,,,,,123.29275201893296,,,,,,-2.18812105864572,,,,,,126.0508982685594,,,,,,1.131050996897165
2009-04-30,,,,,,121.794513409679,,,,,,-1.2151879041712776,,,,,,123.29275201893296,,,,,,-2.18812105864572
2009-05-31,,,,,,121.19173581324908,,,,,,-0.4949135881042177,,,,,,121.794513409679,,,,,,-1.2151879041712776
2009-06-30,,,,,,122.44087402452016,,,,,,1.0307123690314501,,,,,,121.19173581324908,,,,,,-0.4949135881042177
2009-07-31,,,,,,124.86307277325744,,,,,,1.9782599299742243,,,,,,122.44087402452016,,,,,,1.0307123690314501
2009-08-31,,,,,,126.7377173461809,,,,,,1.501360275129282,,,,,,124.86307277325744,,,,,,1.9782599299742243
2009-09-30,,,,,,128.1044966726025,,,,,,1.0784313896772035,,,,,,126.7377173461809,,,,,,1.501360275129282
2009-10-31,,,,,,129.36736638142773,,,,,,0.985812162435451,,,,,,128.1044966726025,,,,,,1.0784313896772035
2009-11-30,,,,,,129.7532779548078,,,,,,0.29830674008022307,,,,,,129.36736638142773,,,,,,0.985812162435451
2009-12-31,,,,,,127.89401332563344,,,,,,-1.4329230509474544,,,,,,129.7532779548078,,,,,,0.29830674008022307
2010-01-31,,,,,,131.98438809519917,,10.1253981561002,2.69519258673525,,,3.1982535094517317,,,,,,127.89401332563344,,,,,,-1.4329230509474544
2010-02-28,,,,,,132.9869536195466,,10.1253981561002,2.69519258673525,,,0.7596091771280511,,,,,,131.98438809519917,,10.1253981561002,2.69519258673525,,,3.1982535094517317
2010-03-31,,,,,,133.84997446290157,,10.1253981561002,2.69519258673525,,,0.6489515098029308,,,,,,132.9869536195466,,10.1253981561002,2.69519258673525,,,0.7596091771280511
2010-04-30,,,,,,136.9299606339092,,10.1253981561002,2.69519258673525,,,2.301073409514376,,,,,,133.84997446290157,,10.1253981561002,2.69519258673525,,,0.6489515098029308
2010-05-31,,,,,,139.16710867937442,,10.1253981561002,2.69519258673525,,,1.6337900303983854,,,,,,136.9299606339092,,10.1253981561002,2.69519258673525,,,2.301073409514376
2010-06-30,,,,,,140.54864042902236,,10.1253981561002,2.69519258673525,,,0.9927142718979987,,,,,,139.16710867937442,,10.1253981561002,2.69519258673525,,,1.6337900303983854
2010-07-31,,,,,,139.46698075145412,,10.1253981561002,2.69519258673525,,,-0.7695981080048098,,,,,,140.54864042902236,,10.1253981561002,2.69519258673525,,,0.9927142718979987
2010-08-31,,,,,,139.8426539535663,,10.1253981561002,2.69519258673525,,,0.2693635440360387,,,,,,139.46698075145412,,10.1253981561002,2.69519258673525,,,-0.7695981080048098
2010-09-30,,,,,,139.4534863528754,,10.1253981561002,2.69519258673525,,,-0.2782896274409419,,,,,,139.8426539535663,,10.1253981561002,2.69519258673525,,,0.2693635440360387
2010-10-31,,,,,,140.27290517910217,,10.1253981561002,2.69519258673525,,,0.5875929298413629,,,,,,139.4534863528754,,10.1253981561002,2.69519258673525,,,-0.2782896274409419
2010-11-30,,,,,,142.09153510603846,,10.1253981561002,2.69519258673525,,,1.296494091010847,,,,,,140.27290517910217,,10.1253981561002,2.69519258673525,,,0.5875929298413629
2010-12-31,,,,,,142.03912188693636,,10.1253981561002,2.69519258673525,,,-0.03688693986098057,,,,,,142.09153510603846,,10.1253981561002,2.69519258673525,,,1.296494091010847
2011-01-31,,,,,,145.91595328992335,,6.00395169280579,1.56440685205419,,,2.7294109900742436,,,,,,142.03912188693636,,10.1253981561002,2.69519258673525,,,-0.03688693986098057
2011-02-28,,,,,,143.77867229265115,,6.00395169280579,1.56440685205419,,,-1.4647342864735236,,,,,,145.91595328992335,,6.00395169280579,1.56440685205419,,,2.7294109900742436
2011-03-31,,,,,,144.8647832527435,,6.00395169280579,1.56440685205419,,,0.7554047778947748,,,,,,143.77867229265115,,6.00395169280579,1.56440685205419,,,-1.4647342864735236
2011-04-30,,,,,,144.9869944701244,,6.00395169280579,1.56440685205419,,,0.08436226848016481,,,,,,144.8647832527435,,6.00395169280579,1.56440685205419,,,0.7554047778947748
2011-05-31,,,,,,147.02982022582762,,6.00395169280579,1.56440685205419,,,1.4089717240977517,,,,,,144.9869944701244,,6.00395169280579,1.56440685205419,,,0.08436226848016481
2011-06-30,,,,,,146.91454029538704,,6.00395169280579,1.56440685205419,,,-0.07840581608786756,,,,,,147.02982022582762,,6.00395169280579,1.56440685205419,,,1.4089717240977517
2011-07-31,,,,,,147.21308953081672,,6.00395169280579,1.56440685205419,,,0.2032128575084613,,,,,,146.91454029538704,,6.00395169280579,1.56440685205419,,,-0.07840581608786756
2011-08-31,,,,,,146.82014175600256,,6.00395169280579,1.56440685205419,,,-0.26692448074184805,,,,,,147.21308953081672,,6.00395169280579,1.56440685205419,,,0.2032128575084613
2011-09-30,,,,,,148.33747641709851,,6.00395169280579,1.56440685205419,,,1.0334649203769253,,,,,,146.82014175600256,,6.00395169280579,1.56440685205419,,,-0.26692448074184805
2011-10-31,,,,,,147.21861518821677,,6.00395169280579,1.56440685205419,,,-0.7542674015403206,,,,,,148.33747641709851,,6.00395169280579,1.56440685205419,,,1.0334649203769253
2011-11-30,,,,,,147.18227109851492,,6.00395169280579,1.56440685205419,,,-0.024687156345948313,,,,,,147.21861518821677,,6.00395169280579,1.56440685205419,,,-0.7542674015403206
2011-12-31,,,,,,147.95491793194262,,6.00395169280579,1.56440685205419,,,0.5249591731809389,,,,,,147.18227109851492,,6.00395169280579,1.56440685205419,,,-0.024687156345948313
2012-01-31,,,,,,147.62762416221165,,-1.0264204544321,2.28911339009767,,,-0.2212118220237369,,,,,,147.95491793194262,,6.00395169280579,1.56440685205419,,,0.5249591731809389
2012-02-29,,,,,,144.77987693060948,,-1.0264204544321,2.28911339009767,,,-1.9290070186817498,,,,,,147.62762416221165,,-1.0264204544321,2.28911339009767,,,-0.2212118220237369
2012-03-31,,,,,,145.424297807033,,-1.0264204544321,2.28911339009767,,,0.4451038984736755,,,,,,144.77987693060948,,-1.0264204544321,2.28911339009767,,,-1.9290070186817498
2012-04-30,,,,,,141.93788682499098,,-1.0264204544321,2.28911339009767,,,-2.3974060969290223,,,,,,145.424297807033,,-1.0264204544321,2.28911339009767,,,0.4451038984736755
2012-05-31,,,,,,140.20358082737647,,-1.0264204544321,2.28911339009767,,,-1.2218767211554349,,,,,,141.93788682499098,,-1.0264204544321,2.28911339009767,,,-2.3974060969290223
2012-06-30,,,,,,140.83845890702304,,-1.0264204544321,2.28911339009767,,,0.45282586642936273,,,,,,140.20358082737647,,-1.0264204544321,2.28911339009767,,,-1.2218767211554349
2012-07-31,,,,,,144.650340436018,,-1.0264204544321,2.28911339009767,,,2.7065629364145805,,,,,,140.83845890702304,,-1.0264204544321,2.28911339009767,,,0.45282586642936273
2012-08-31,,,,,,145.19091282325095,,-1.0264204544321,2.28911339009767,,,0.37370972346384423,,,,,,144.650340436018,,-1.0264204544321,2.28911339009767,,,2.7065629364145805
2012-09-30,,,,,,146.20223519330193,,-1.0264204544321,2.28911339009767,,,0.6965466022533562,,,,,,145.19091282325095,,-1.0264204544321,2.28911339009767,,,0.37370972346384423
2012-10-31,,,,,,146.94328153044827,,-1.0264204544321,2.28911339009767,,,0.506863890395759,,,,,,146.20223519330193,,-1.0264204544321,2.28911339009767,,,0.6965466022533562
2012-11-30,,,,,,147.0945470582242,,-1.0264204544321,2.28911339009767,,,0.10294143849278736,,,,,,146.94328153044827,,-1.0264204544321,2.28911339009767,,,0.506863890395759
2012-12-31,,,,,,149.27753134514953,,-1.0264204544321,2.28911339009767,,,1.4840688051211304,,,,,,147.0945470582242,,-1.0264204544321,2.28911339009767,,,0.10294143849278736
2013-01-31,,,,,,145.84574177900873,,2.40532378079436,2.11783009443471,,,-2.29893242152166,,,,,,149.27753134514953,,-1.0264204544321,2.28911339009767,,,1.4840688051211304
2013-02-28,,,,,,148.71302572494164,,2.40532378079436,2.11783009443471,,,1.965970285424956,,,,,,145.84574177900873,,2.40532378079436,2.11783009443471,,,-2.29893242152166
2013-03-31,,,,,,148.79466962851436,,2.40532378079436,2.11783009443471,,,0.054900304243510334,,,,,,148.71302572494164,,2.40532378079436,2.11783009443471,,,1.965970285424956
2013-04-30,,,,,,148.41491109315837,,2.40532378079436,2.11783009443471,,,-0.2552232121648679,,,,,,148.79466962851436,,2.40532378079436,2.11783009443471,,,0.054900304243510334
2013-05-31,,,,,,148.500264150766,,2.40532378079436,2.11783009443471,,,0.057509758944673806,,,,,,148.41491109315837,,2.40532378079436,2.11783009443471,,,-0.2552232121648679
2013-06-30,,,,,,149.14814609815377,,2.40532378079436,2.11783009443471,,,0.4362833635972674,,,,,,148.500264150766,,2.40532378079436,2.11783009443471,,,0.057509758944673806
2013-07-31,,,,,,148.04898354910088,,2.40532378079436,2.11783009443471,,,-0.7369602491267613,,,,,,149.14814609815377,,2.40532378079436,2.11783009443471,,,0.4362833635972674
2013-08-31,,,,,,150.24330818963534,,2.40532378079436,2.11783009443471,,,1.482161233350654,,,,,,148.04898354910088,,2.40532378079436,2.11783009443471,,,-0.7369602491267613
2013-09-30,,,,,,150.19897542847826,,2.40532378079436,2.11783009443471,,,-0.02950731163422482,,,,,,150.24330818963534,,2.40532378079436,2.11783009443471,,,1.482161233350654
2013-10-31,,,,,,148.8205306701404,,2.40532378079436,2.11783009443471,,,-0.9177457798267286,,,,,,150.19897542847826,,2.40532378079436,2.11783009443471,,,-0.02950731163422482
2013-11-30,,,,,,148.18751590724608,,2.40532378079436,2.11783009443471,,,-0.4253544588531333,,,,,,148.8205306701404,,2.40532378079436,2.11783009443471,,,-0.9177457798267286
2013-12-31,,,,,,147.11123837655563,,2.40532378079436,2.11783009443471,,,-0.7262943332987049,,,,,,148.18751590724608,,2.40532378079436,2.11783009443471,,,-0.4253544588531333
2014-01-31,,,,,,145.6311783686547,,-2.51261532081394,2.52381981757846,,,-1.0060822165825822,,,,,,147.11123837655563,,2.40532378079436,2.11783009443471,,,-0.7262943332987049
2014-02-28,,,,,,146.56058177374453,,-2.51261532081394,2.52381981757846,,,0.6381898543299069,,,,,,145.6311783686547,,-2.51261532081394,2.52381981757846,,,-1.0060822165825822
2014-03-31,,,,,,145.40722856889062,,-2.51261532081394,2.52381981757846,,,-0.7869463882412941,,,,,,146.56058177374453,,-2.51261532081394,2.52381981757846,,,0.6381898543299069
2014-04-30,,,,,,145.03373422858402,,-2.51261532081394,2.52381981757846,,,-0.2568609167388436,,,,,,145.40722856889062,,-2.51261532081394,2.52381981757846,,,-0.7869463882412941
2014-05-31,,,,,,145.3491156847489,,-2.51261532081394,2.52381981757846,,,0.21745386191864835,,,,,,145.03373422858402,,-2.51261532081394,2.52381981757846,,,-0.2568609167388436
2014-06-30,,,,,,144.53580848108774,,-2.51261532081394,2.52381981757846,,,-0.5595542840626355,,,,,,145.3491156847489,,-2.51261532081394,2.52381981757846,,,0.21745386191864835
2014-07-31,,,,,,144.00190487572476,,-2.51261532081394,2.52381981757846,,,-0.36939192506945107,,,,,,144.53580848108774,,-2.51261532081394,2.52381981757846,,,-0.5595542840626355
2014-08-31,,,,,,143.72695819561335,,-2.51261532081394,2.52381981757846,,,-0.19093266880649828,,,,,,144.00190487572476,,-2.51261532081394,2.52381981757846,,,-0.36939192506945107
2014-09-30,,,,,,143.4381952271876,,-2.51261532081394,2.52381981757846,,,-0.20091079088498942,,,,,,143.72695819561335,,-2.51261532081394,2.52381981757846,,,-0.19093266880649828
2014-10-31,,,,,,143.9538562955942,,-2.51261532081394,2.52381981757846,,,0.3595005274500629,,,,,,143.4381952271876,,-2.51261532081394,2.52381981757846,,,-0.20091079088498942
2014-11-30,,,,,,144.78291326676705,,-2.51261532081394,2.52381981757846,,,0.5759185564786051,,,,,,143.9538562955942,,-2.51261532081394,2.52381981757846,,,0.3595005274500629
2014-12-31,,,,,,144.8303443045974,,-2.51261532081394,2.52381981757846,,,0.03276010736359414,,,,,,144.78291326676705,,-2.51261532081394,2.52381981757846,,,0.5759185564786051
2015-01-31,20.232142857142858,8.7,,31452.0,,144.31497986911563,,2.73115982828944,2.94555045227337,,,-0.3558400954967511,,,,,,144.8303443045974,,-2.51261532081394,2.52381981757846,,,0.03276010736359414
2015-02-28,20.663194444444443,8.79,,31470.0,,148.15501563243222,,2.73115982828944,2.94555045227337,1.0344827586206806,0.05723006486073601,2.6608712184966965,20.232142857142858,8.7,,31452.0,,144.31497986911563,,2.73115982828944,2.94555045227337,,,-0.3558400954967511
2015-03-31,20.903125,8.88,,31490.0,,147.46827517173384,,2.73115982828944,2.94555045227337,1.0238907849829504,0.06355258976802336,-0.4635283238754284,20.663194444444443,8.79,,31470.0,,148.15501563243222,,2.73115982828944,2.94555045227337,1.0344827586206806,0.05723006486073601,2.6608712184966965
2015-04-30,20.815625,8.96,,33909.0,,149.82748230110025,,2.73115982828944,2.94555045227337,0.9009009009008917,7.6818037472213385,1.5998065527104144,20.903125,8.88,,31490.0,,147.46827517173384,,2.73115982828944,2.94555045227337,1.0238907849829504,0.06355258976802336,-0.4635283238754284
2015-05-31,20.25986842105263,9.05,,33283.0,,149.82374458820362,,2.73115982828944,2.94555045227337,1.0044642857142794,-1.8461175499130067,-0.0024946777715362245,20.815625,8.96,,33909.0,,149.82748230110025,,2.73115982828944,2.94555045227337,0.9009009009008917,7.6818037472213385,1.5998065527104144
2015-06-30,20.477272727272727,9.15,,33851.0,,150.41836340744993,,2.73115982828944,2.94555045227337,1.104972375690605,1.7065769311660706,0.39687889318253955,20.25986842105263,9.05,,33283.0,,149.82374458820362,,2.73115982828944,2.94555045227337,1.0044642857142794,-1.8461175499130067,-0.0024946777715362245
2015-07-31,20.744318181818183,9.26,,33943.0,,150.62555602405104,,2.73115982828944,2.94555045227337,1.2021857923497192,0.27177926796844165,0.13774423009766945,20.477272727272727,9.15,,33851.0,,150.41836340744993,,2.73115982828944,2.94555045227337,1.104972375690605,1.7065769311660706,0.39687889318253955
2015-08-31,20.978125,9.37,,33606.0,,150.27833214056014,,2.73115982828944,2.94555045227337,1.1879049676025932,-0.9928409392216397,-0.23052122936924047,20.744318181818183,9.26,,33943.0,,150.62555602405104,,2.73115982828944,2.94555045227337,1.2021857923497192,0.27177926796844165,0.13774423009766945
2015-09-30,21.18465909090909,9.5,,33257.0,,148.97963079165334,,2.73115982828944,2.94555045227337,1.3874066168623411,-1.0385050288638897,-0.864197339967876,20.978125,9.37,,33606.0,,150.27833214056014,,2.73115982828944,2.94555045227337,1.1879049676025932,-0.9928409392216397,-0.23052122936924047
2015-10-31,21.601190476190474,9.61,,26970.0,,149.3637856082429,,2.73115982828944,2.94555045227337,1.157894736842091,-18.90429082599152,0.25785727521825397,21.18465909090909,9.5,,33257.0,,148.97963079165334,,2.73115982828944,2.94555045227337,1.3874066168623411,-1.0385050288638897,-0.864197339967876
2015-11-30,23.42763157894737,9.76,,25615.0,,148.52065748311065,,2.73115982828944,2.94555045227337,1.5608740894901274,-5.024100852799407,-0.5644796171299649,21.601190476190474,9.61,,26970.0,,149.3637856082429,,2.73115982828944,2.94555045227337,1.157894736842091,-18.90429082599152,0.25785727521825397
2015-12-31,27.34375,13.4,33.0,25563.0,,146.92312024489777,,2.73115982828944,2.94555045227337,37.295081967213115,-0.2030060511419074,-1.0756330232341904,23.42763157894737,9.76,,25615.0,,148.52065748311065,,2.73115982828944,2.94555045227337,1.5608740894901274,-5.024100852799407,-0.5644796171299649
2016-01-31,26.3125,14.13,30.75,30074.0,,147.887593170922,,-2.08032784377811,1.81945147909089,5.447761194029854,17.646598599538386,0.6564473477125965,27.34375,13.4,33.0,25563.0,,146.92312024489777,,2.73115982828944,2.94555045227337,37.295081967213115,-0.2030060511419074,-1.0756330232341904
2016-02-29,26.223684210526315,15.88,31.15,28399.0,,146.9283020597886,,-2.08032784377811,1.81945147909089,12.384996461429587,-5.569594999002458,-0.648662332359895,26.3125,14.13,30.75,30074.0,,147.887593170922,,-2.08032784377811,1.81945147909089,5.447761194029854,17.646598599538386,0.6564473477125965
2016-03-31,29.735119047619047,14.89,38.0,29572.0,,145.941668237428,,-2.08032784377811,1.81945147909089,-6.234256926952142,4.130427127715763,-0.6715069925460115,26.223684210526315,15.88,31.15,28399.0,,146.9283020597886,,-2.08032784377811,1.81945147909089,12.384996461429587,-5.569594999002458,-0.648662332359895
2016-04-30,30.696428571428573,14.51,38.0,34380.0,,144.90155238631286,,-2.08032784377811,1.81945147909089,-2.5520483546004114,16.258623021777364,-0.7126928612485095,29.735119047619047,14.89,38.0,29572.0,,145.941668237428,,-2.08032784377811,1.81945147909089,-6.234256926952142,4.130427127715763,-0.6715069925460115
2016-05-31,30.964285714285715,14.25,35.25,30171.0,,144.3862971154904,,-2.08032784377811,1.81945147909089,-1.791867677463821,-12.242582897033161,-0.3555898900577392,30.696428571428573,14.51,38.0,34380.0,,144.90155238631286,,-2.08032784377811,1.81945147909089,-2.5520483546004114,16.258623021777364,-0.7126928612485095
2016-06-30,28.946875,15.21,30.75,30507.0,,144.4045978214091,,-2.08032784377811,1.81945147909089,6.736842105263174,1.1136521825594103,0.012674821838576378,30.964285714285715,14.25,35.25,30171.0,,144.3862971154904,,-2.08032784377811,1.81945147909089,-1.791867677463821,-12.242582897033161,-0.3555898900577392
2016-07-31,26.01875,15.29,30.25,32511.0,,144.59024864061172,,-2.08032784377811,1.81945147909089,0.5259697567389754,6.568984167568104,0.12856295575311982,28.946875,15.21,30.75,30507.0,,144.4045978214091,,-2.08032784377811,1.81945147909089,6.736842105263174,1.1136521825594103,0.012674821838576378
2016-08-31,24.84375,15.16,28.25,31150.0,,145.51215513350996,,-2.08032784377811,1.81945147909089,-0.8502289077828573,-4.186275414475105,0.6375993551195114,26.01875,15.29,30.25,32511.0,,144.59024864061172,,-2.08032784377811,1.81945147909089,0.5259697567389754,6.568984167568104,0.12856295575311982
2016-09-30,23.053977272727273,15.49,26.75,29902.0,,145.13482821110247,,-2.08032784377811,1.81945147909089,2.176781002638517,-4.006420545746392,-0.25930955531604516,24.84375,15.16,28.25,31150.0,,145.51215513350996,,-2.08032784377811,1.81945147909089,-0.8502289077828573,-4.186275414475105,0.6375993551195114
2016-10-31,22.090625,15.4,26.75,37210.0,,145.1063094326301,,-2.08032784377811,1.81945147909089,-0.5810200129115595,24.439836800214042,-0.019649851675085372,23.053977272727273,15.49,26.75,29902.0,,145.13482821110247,,-2.08032784377811,1.81945147909089,2.176781002638517,-4.006420545746392,-0.25930955531604516
2016-11-30,21.098214285714285,16.1,24.75,37378.0,,145.6975240645707,,-2.08032784377811,1.81945147909089,4.545454545454541,0.45149153453372115,0.40743551004245315,22.090625,15.4,26.75,37210.0,,145.1063094326301,,-2.08032784377811,1.81945147909089,-0.5810200129115595,24.439836800214042,-0.019649851675085372
2016-12-31,20.028125,16.13,24.75,39308.0,100.0,147.08027784656963,,-2.08032784377811,1.81945147909089,0.18633540372670065,5.1634651399218745,0.9490578449268039,21.098214285714285,16.1,24.75,37378.0,,145.6975240645707,,-2.08032784377811,1.81945147909089,4.545454545454541,0.45149153453372115,0.40743551004245315
2017-01-31,19.767045454545453,16.14,24.75,46887.0,101.5859,146.8861511920682,1.58589999999998,2.81850297775918,2.45762230126449,0.061996280223186595,19.28106237915945,-0.13198686958146855,20.028125,16.13,24.75,39308.0,100.0,147.08027784656963,,-2.08032784377811,1.81945147909089,0.18633540372670065,5.1634651399218745,0.9490578449268039
2017-02-28,20.0625,15.76,24.75,50608.0,103.6859,146.91673027111494,2.06721602112105,2.81850297775918,2.45762230126449,-2.354399008674102,7.936101691300368,0.020818217918128212,19.767045454545453,16.14,24.75,46887.0,101.5859,146.8861511920682,1.58589999999998,2.81850297775918,2.45762230126449,0.061996280223186595,19.28106237915945,-0.13198686958146855
2017-03-31,19.5,15.63,24.75,50522.0,106.1476,147.78747172353522,2.37418974036005,2.81850297775918,2.45762230126449,-0.8248730964466988,-0.16993360733480456,0.5926768522641623,20.0625,15.76,24.75,50608.0,103.6859,146.91673027111494,2.06721602112105,2.81850297775918,2.45762230126449,-2.354399008674102,7.936101691300368,0.020818217918128212
2017-04-30,19.24652777777778,15.72,26.25,48217.0,108.9667,147.80521427639877,2.65583018363109,2.81850297775918,2.45762230126449,0.5758157389635254,-4.56236886900756,0.012005451244712084,19.5,15.63,24.75,50522.0,106.1476,147.78747172353522,2.37418974036005,2.81850297775918,2.45762230126449,-0.8248730964466988,-0.16993360733480456,0.5926768522641623
2017-05-31,19.633928571428573,16.38,26.25,46146.0,110.5301,148.53885216159358,1.43475024938812,2.81850297775918,2.45762230126449,4.198473282442738,-4.295165605491835,0.4963545357898447,19.24652777777778,15.72,26.25,48217.0,108.9667,147.80521427639877,2.65583018363109,2.81850297775918,2.45762230126449,0.5758157389635254,-4.56236886900756,0.012005451244712084
2017-06-30,19.80952380952381,16.88,26.25,47995.0,111.8477,150.3065796819617,1.19207347138923,2.81850297775918,2.45762230126449,3.0525030525030417,4.006847830797899,1.1900775417633014,19.633928571428573,16.38,26.25,46146.0,110.5301,148.53885216159358,1.43475024938812,2.81850297775918,2.45762230126449,4.198473282442738,-4.295165605491835,0.4963545357898447
2017-07-31,20.160714285714285,17.94,26.25,47014.0,113.7852,150.41811439036874,1.7322662871029002,2.81850297775918,2.45762230126449,6.279620853080581,-2.043962912803421,0.07420480769575466,19.80952380952381,16.88,26.25,47995.0,111.8477,150.3065796819617,1.19207347138923,2.81850297775918,2.45762230126449,3.0525030525030417,4.006847830797899,1.1900775417633014
2017-08-31,20.806818181818183,17.61,26.25,48877.0,115.3819,150.36099655674727,1.40325806871193,2.81850297775918,2.45762230126449,-1.8394648829431537,3.962649423575959,-0.03797270950575138,20.160714285714285,17.94,26.25,47014.0,113.7852,150.41811439036874,1.7322662871029002,2.81850297775918,2.45762230126449,6.279620853080581,-2.043962912803421,0.07420480769575466
2017-09-30,21.327380952380953,17.6,26.25,50237.0,117.5719,151.27260879655293,1.89804466731784,2.81850297775918,2.45762230126449,-0.05678591709254999,2.7824948339709943,0.6062823875083945,20.806818181818183,17.61,26.25,48877.0,115.3819,150.36099655674727,1.40325806871193,2.81850297775918,2.45762230126449,-1.8394648829431537,3.962649423575959,-0.03797270950575138
2017-10-31,21.645833333333332,17.93,27.75,51810.0,119.3528,151.55523864503513,1.51473268697708,2.81850297775918,2.45762230126449,1.8749999999999822,3.1311583096124362,0.18683478174315038,21.327380952380953,17.6,26.25,50237.0,117.5719,151.27260879655293,1.89804466731784,2.81850297775918,2.45762230126449,-0.05678591709254999,2.7824948339709943,0.6062823875083945
2017-11-30,22.59375,17.63,28.75,54563.0,120.994,152.67042574504046,1.3750829473627701,2.81850297775918,2.45762230126449,-1.673173452314558,5.313646014282947,0.7358288040555605,21.645833333333332,17.93,27.75,51810.0,119.3528,151.55523864503513,1.51473268697708,2.81850297775918,2.45762230126449,1.8749999999999822,3.1311583096124362,0.18683478174315038
2017-12-31,23.273026315789473,18.92,28.75,55055.0,124.7956,152.30832124827532,3.14197398218092,2.81850297775918,2.45762230126449,7.317073170731714,0.9017099499661008,-0.23718051154835162,22.59375,17.63,28.75,54563.0,120.994,152.67042574504046,1.3750829473627701,2.81850297775918,2.45762230126449,-1.673173452314558,5.313646014282947,0.7358288040555605
2018-01-31,22.96590909090909,19.93,27.25,62024.0,126.9887,150.8164785477397,1.7573536246470098,-2.61739646282038,2.96650506701943,5.338266384778012,12.65825084006902,-0.9794886374617562,23.273026315789473,18.92,28.75,55055.0,124.7956,152.30832124827532,3.14197398218092,2.81850297775918,2.45762230126449,7.317073170731714,0.9017099499661008,-0.23718051154835162
2018-02-28,22.78125,20.42,27.25,61509.0,130.0606,152.31300321897666,2.4190341345332302,-2.61739646282038,2.96650506701943,2.4586051179127155,-0.8303237456468437,0.9922819347378153,22.96590909090909,19.93,27.25,62024.0,126.9887,150.8164785477397,1.7573536246470098,-2.61739646282038,2.96650506701943,5.338266384778012,12.65825084006902,-0.9794886374617562
2018-03-31,22.8125,20.44,27.25,61726.0,133.1054,151.64408973312376,2.34106255084169,-2.61739646282038,2.96650506701943,0.09794319294809117,0.35279390007967315,-0.4391703083230669,22.78125,20.42,27.25,61509.0,130.0606,152.31300321897666,2.4190341345332302,-2.61739646282038,2.96650506701943,2.4586051179127155,-0.8303237456468437,0.9922819347378153
2018-04-30,22.81578947368421,20.88,30.25,56623.0,136.7512,146.8445772433043,2.7390323758465103,-2.61739646282038,2.96650506701943,2.152641878669259,-8.267180766613746,-3.1649848657247848,22.8125,20.44,27.25,61726.0,133.1054,151.64408973312376,2.34106255084169,-2.61739646282038,2.96650506701943,0.09794319294809117,0.35279390007967315,-0.4391703083230669
2018-05-31,28.285714285714285,25.51,40.0,50098.0,139.5893,144.54354601439613,2.07537484131765,-2.61739646282038,2.96650506701943,22.174329501915715,-11.523585822015791,-1.5669841352708658,22.81578947368421,20.88,30.25,56623.0,136.7512,146.8445772433043,2.7390323758465103,-2.61739646282038,2.96650506701943,2.152641878669259,-8.267180766613746,-3.1649848657247848
2018-06-30,30.565625,29.57,40.0,61881.0,144.8053,143.27773048362042,3.7366760919353896,-2.61739646282038,2.96650506701943,15.915327322618577,23.519900994051657,-0.8757329992787333,28.285714285714285,25.51,40.0,50098.0,139.5893,144.54354601439613,2.07537484131765,-2.61739646282038,2.96650506701943,22.174329501915715,-11.523585822015791,-1.5669841352708658
2018-07-31,34.520833333333336,28.03,40.0,57996.0,149.2966,143.47840462948142,3.10161299344708,-2.61739646282038,2.96650506701943,-5.207981061887046,-6.278179085664426,0.140059550904148,30.565625,29.57,40.0,61881.0,144.8053,143.27773048362042,3.7366760919353896,-2.61739646282038,2.96650506701943,15.915327322618577,23.519900994051657,-0.8757329992787333
2018-08-31,35.16761363636363,38.0,60.0,52658.0,155.1034,146.6859767064804,3.88943887536621,-2.61739646282038,2.96650506701943,35.56903317873705,-9.204083040209666,2.2355782985475914,34.520833333333336,28.03,40.0,57996.0,149.2966,143.47840462948142,3.10161299344708,-2.61739646282038,2.96650506701943,-5.207981061887046,-6.278179085664426,0.140059550904148
2018-09-30,41.85625,41.89,65.0,49003.0,165.2383,143.06658186535478,6.534286160071299,-2.61739646282038,2.96650506701943,10.236842105263166,-6.941015610163703,-2.4674443477088914,35.16761363636363,38.0,60.0,52658.0,155.1034,146.6859767064804,3.88943887536621,-2.61739646282038,2.96650506701943,35.56903317873705,-9.204083040209666,2.2355782985475914
2018-10-31,50.49147727272727,36.98,68.048,53955.0,174.1473,143.48138739235543,5.39160715161073,-2.61739646282038,2.96650506701943,-11.721174504655064,10.105503744668699,0.28993879744121376,41.85625,41.89,65.0,49003.0,165.2383,143.06658186535478,6.534286160071299,-2.61739646282038,2.96650506701943,10.236842105263166,-6.941015610163703,-2.4674443477088914
2018-11-30,51.36513157894737,38.81,60.753,51193.0,179.6388,141.69639549597727,3.1533649961842602,-2.61739646282038,2.96650506701943,4.94862087614929,-5.119080715410995,-1.244058151944849,50.49147727272727,36.98,68.048,53955.0,174.1473,143.48138739235543,5.39160715161073,-2.61739646282038,2.96650506701943,-11.721174504655064,10.105503744668699,0.28993879744121376
2018-12-31,48.635416666666664,38.85,59.252,65786.0,184.2552,141.9484547852458,2.56982344571439,-2.61739646282038,2.96650506701943,0.10306622004638832,28.505850409235634,0.1778868745293316,51.36513157894737,38.81,60.753,51193.0,179.6388,141.69639549597727,3.1533649961842602,-2.61739646282038,2.96650506701943,4.94862087614929,-5.119080715410995,-1.244058151944849
2019-01-31,45.8125,38.28,53.687,66811.0,189.6101,141.3468168733616,2.90624090934745,-2.00086100285785,2.58382533052225,-1.4671814671814665,1.5580822667436767,-0.4238425228329512,48.635416666666664,38.85,59.252,65786.0,184.2552,141.9484547852458,2.56982344571439,-2.61739646282038,2.96650506701943,0.10306622004638832,28.505850409235634,0.1778868745293316
2019-02-28,37.584375,40.14,50.127,68015.0,196.7501,143.7521766040946,3.76562218995719,-2.00086100285785,2.58382533052225,4.858934169279006,1.8020984568409393,1.701743119470489,45.8125,38.28,53.687,66811.0,189.6101,141.3468168733616,2.90624090934745,-2.00086100285785,2.58382533052225,-1.4671814671814665,1.5580822667436767,-0.4238425228329512
2019-03-31,41.67434210526316,44.4,68.155,66187.0,205.9571,142.33422947253123,4.67954018828959,-2.00086100285785,2.58382533052225,10.612855007473843,-2.687642431816506,-0.9863830691541398,37.584375,40.14,50.127,68015.0,196.7501,143.7521766040946,3.76562218995719,-2.00086100285785,2.58382533052225,4.858934169279006,1.8020984568409393,1.701743119470489
2019-04-30,48.70723684210526,45.36,73.93,71663.0,212.9596414,142.53281997752035,3.44469794923312,-2.00086100285785,2.58382533052225,2.1621621621621623,8.273528034206112,0.13952406650534765,41.67434210526316,44.4,68.155,66187.0,205.9571,142.33422947253123,4.67954018828959,-2.00086100285785,2.58382533052225,10.612855007473843,-2.687642431816506,-0.9863830691541398
2019-05-31,52.58806818181818,46.1,70.73,64779.0,219.5691,145.02221705182123,3.05906969998361,-2.00086100285785,2.58382533052225,1.6313932980599688,-9.60607286884445,1.7465430591308673,48.70723684210526,45.36,73.93,71663.0,212.9596414,142.53281997752035,3.44469794923312,-2.00086100285785,2.58382533052225,2.1621621621621623,8.273528034206112,0.13952406650534765
2019-06-30,50.895833333333336,43.7,62.688,64278.0,225.537,143.99907879678125,2.71800540239952,-2.00086100285785,2.58382533052225,-5.206073752711493,-0.7733987866438197,-0.7055044915458608,52.58806818181818,46.1,70.73,64779.0,219.5691,145.02221705182123,3.05906969998361,-2.00086100285785,2.58382533052225,1.6313932980599688,-9.60607286884445,1.7465430591308673
2019-07-31,48.625,45.02,60.396,67899.0,230.494,145.82398411185972,2.1978655386921,-2.00086100285785,2.58382533052225,3.020594965675061,5.6333426677868115,1.2673034649435921,50.895833333333336,43.7,62.688,64278.0,225.537,143.99907879678125,2.71800540239952,-2.00086100285785,2.58382533052225,-5.206073752711493,-0.7733987866438197,-0.7055044915458608
2019-08-31,55.44345238095238,62.04,83.264,54100.0,239.6077,144.88827244423732,3.95398578704868,-2.00086100285785,2.58382533052225,37.80541981341625,-20.322832442304005,-0.6416719947142768,48.625,45.02,60.396,67899.0,230.494,145.82398411185972,2.1978655386921,-2.00086100285785,2.58382533052225,3.020594965675061,5.6333426677868115,1.2673034649435921
2019-09-30,59.95238095238095,59.82,78.372,48703.0,253.7102,140.44516327540947,5.885662272122301,-2.00086100285785,2.58382533052225,-3.578336557059958,-9.975970425138636,-3.066576123707909,55.44345238095238,62.04,83.264,54100.0,239.6077,144.88827244423732,3.95398578704868,-2.00086100285785,2.58382533052225,37.80541981341625,-20.322832442304005,-0.6416719947142768
2019-10-31,55.12215909090909,63.23,68.002,43260.0,262.0661,143.79187156014729,3.29348209098412,-2.00086100285785,2.58382533052225,5.700434637245055,-11.17590292179127,2.3829288290797113,59.95238095238095,59.82,78.372,48703.0,253.7102,140.44516327540947,5.885662272122301,-2.00086100285785,2.58382533052225,-3.578336557059958,-9.975970425138636,-3.066576123707909
2019-11-30,45.98684210526316,62.93,63.002,43772.0,273.2158,140.86717496872228,4.25453730948031,-2.00086100285785,2.58382533052225,-0.474458326743632,1.183541377716124,-2.03397908358236,55.12215909090909,63.23,68.002,43260.0,262.0661,143.79187156014729,3.29348209098412,-2.00086100285785,2.58382533052225,5.700434637245055,-11.17590292179127,2.3829288290797113
2019-12-31,41.953947368421055,62.99,55.0,44848.0,283.4442,139.98182267819982,3.74370735513833,-2.00086100285785,2.58382533052225,0.0953440330526023,2.45819245179566,-0.6285014878157691,45.98684210526316,62.93,63.002,43772.0,273.2158,140.86717496872228,4.25453730948031,-2.00086100285785,2.58382533052225,-0.474458326743632,1.183541377716124,-2.03397908358236
2020-01-31,36.15056818181818,63.03,50.0,44917.0,289.8299,141.0272280122697,2.25289492605598,-9.9004848136464,-2.081375977796,0.06350214319732483,0.15385301462718104,0.746815060747652,41.953947368421055,62.99,55.0,44848.0,283.4442,139.98182267819982,3.74370735513833,-2.00086100285785,2.58382533052225,0.0953440330526023,2.45819245179566,-0.6285014878157691
2020-02-29,33.58680555555556,64.26,40.0,44791.0,295.666,139.69021424767496,2.0136293736429502,-9.9004848136464,-2.081375977796,1.9514516896715906,-0.280517398757707,-0.948053637187285,36.15056818181818,63.03,50.0,44917.0,289.8299,141.0272280122697,2.25289492605598,-9.9004848136464,-2.081375977796,0.06350214319732483,0.15385301462718104,0.746815060747652
2020-03-31,29.56578947368421,66.58,38.0,43561.0,305.5515,125.81858245148824,3.34346864367225,-9.9004848136464,-2.081375977796,3.6103330220977226,-2.7460873836261723,-9.93028171006446,33.58680555555556,64.26,40.0,44791.0,295.666,139.69021424767496,2.0136293736429502,-9.9004848136464,-2.081375977796,1.9514516896715906,-0.280517398757707,-0.948053637187285
2020-04-30,19.984375,69.16,38.0,43568.0,310.1243,106.13633643303258,1.49657259087256,-9.9004848136464,-2.081375977796,3.8750375488134647,0.016069419893938175,-15.64335381543861,29.56578947368421,66.58,38.0,43561.0,305.5515,125.81858245148824,3.34346864367225,-9.9004848136464,-2.081375977796,3.6103330220977226,-2.7460873836261723,-9.93028171006446
2020-05-31,23.4375,70.76,38.0,42589.0,314.9087,117.33435908923668,1.54273625123861,-9.9004848136464,-2.081375977796,2.3134759976865427,-2.247062063900107,10.550602208951855,19.984375,69.16,38.0,43568.0,310.1243,106.13633643303258,1.49657259087256,-9.9004848136464,-2.081375977796,3.8750375488134647,0.016069419893938175,-15.64335381543861
2020-06-30,29.535714285714285,74.07,38.0,43242.0,321.9738,124.18693388507192,2.2435391591276903,-9.9004848136464,-2.081375977796,4.677784058790269,1.5332597619103439,5.840211553568575,23.4375,70.76,38.0,42589.0,314.9087,117.33435908923668,1.54273625123861,-9.9004848136464,-2.081375977796,2.3134759976865427,-2.247062063900107,10.550602208951855
2020-07-31,29.532738095238095,76.39,38.0,43386.0,328.2014,126.39019367275476,1.93419464565129,-9.9004848136464,-2.081375977796,3.132172269474842,0.3330095740252448,1.7741478259877486,29.535714285714285,74.07,38.0,43242.0,321.9738,124.18693388507192,2.2435391591276903,-9.9004848136464,-2.081375977796,4.677784058790269,1.5332597619103439,5.840211553568575
2020-08-31,29.653125,78.36,38.0,42842.0,337.0632,128.75881140508946,2.70011035906612,-9.9004848136464,-2.081375977796,2.5788715800497464,-1.2538606923892526,1.8740518259410477,29.532738095238095,76.39,38.0,43386.0,328.2014,126.39019367275476,1.93419464565129,-9.9004848136464,-2.081375977796,3.132172269474842,0.3330095740252448,1.7741478259877486
2020-09-30,29.744318181818183,80.63,38.0,41379.0,346.6207,130.59946668347575,2.8355216469789504,-9.9004848136464,-2.081375977796,2.8968861664114387,-3.4148732552168437,1.4295373328629069,29.653125,78.36,38.0,42842.0,337.0632,128.75881140508946,2.70011035906612,-9.9004848136464,-2.081375977796,2.5788715800497464,-1.2538606923892526,1.8740518259410477
2020-10-31,30.696428571428573,83.89,36.0,39856.0,359.657,133.44789400258284,3.7609698439821897,-9.9004848136464,-2.081375977796,4.043160114101463,-3.680610937915363,2.1810405443772662,29.744318181818183,80.63,38.0,41379.0,346.6207,130.59946668347575,2.8355216469789504,-9.9004848136464,-2.081375977796,2.8968861664114387,-3.4148732552168437,1.4295373328629069
2020-11-30,32.94078947368421,86.72,38.0,38652.0,371.0211,134.68442065803782,3.15970494109665,-9.9004848136464,-2.081375977796,3.3734652521158592,-3.020875150541946,0.9265988532056069,30.696428571428573,83.89,36.0,39856.0,359.657,133.44789400258284,3.7609698439821897,-9.9004848136464,-2.081375977796,4.043160114101463,-3.680610937915363,2.1810405443772662
2020-12-31,34.21527777777778,89.87,38.0,39387.0,385.8826,136.93909650977974,4.00556733835353,-9.9004848136464,-2.081375977796,3.632380073800734,1.9015833592052056,1.6740435461845449,32.94078947368421,86.72,38.0,38652.0,371.0211,134.68442065803782,3.15970494109665,-9.9004848136464,-2.081375977796,3.3734652521158592,-3.020875150541946,0.9265988532056069
2021-01-31,34.121875,92.7,38.0,39515.0,401.5071,139.82109534931803,4.04902941982872,10.4418119882506,6.15202247867526,3.1489929898742552,0.32498032345698036,2.1045843831257294,34.21527777777778,89.87,38.0,39387.0,385.8826,136.93909650977974,4.00556733835353,-9.9004848136464,-2.081375977796,3.632380073800734,1.9015833592052056,1.6740435461845449
2021-02-28,34.10069444444444,95.12,38.0,39518.0,415.8595,138.3977793773793,3.57463168148211,10.4418119882506,6.15202247867526,2.6105717367853387,0.007592053650506969,-1.0179551006826548,34.121875,92.7,38.0,39515.0,401.5071,139.82109534931803,4.04902941982872,10.4418119882506,6.15202247867526,3.1489929898742552,0.32498032345698036,2.1045843831257294
2021-03-31,34.06818181818182,97.69,38.0,39593.0,435.8657,140.84149978974523,4.81080749628179,10.4418119882506,6.15202247867526,2.7018502943650047,0.18978693253706158,1.765722270515968,34.10069444444444,95.12,38.0,39518.0,415.8595,138.3977793773793,3.57463168148211,10.4418119882506,6.15202247867526,2.6105717367853387,0.007592053650506969,-1.0179551006826548
2021-04-30,34.096875,98.9,38.0,40263.0,453.6503,139.5424321696422,4.080293539959659,10.4418119882506,6.15202247867526,1.2386119357150172,1.6922183214204578,-0.9223613935113728,34.06818181818182,97.69,38.0,39593.0,435.8657,140.84149978974523,4.81080749628179,10.4418119882506,6.15202247867526,2.7018502943650047,0.18978693253706158,1.765722270515968
2021-05-31,34.11513157894737,100.09,38.0,41872.0,468.725,138.90768268428616,3.3229780736395402,10.4418119882506,6.15202247867526,1.2032355915065684,3.99622482179669,-0.45487919014081113,34.096875,98.9,38.0,40263.0,453.6503,139.5424321696422,4.080293539959659,10.4418119882506,6.15202247867526,1.2386119357150172,1.6922183214204578,-0.9223613935113728
2021-06-30,34.11904761904762,101.17,38.0,42437.0,483.6049,141.41079892250298,3.1745479758920503,10.4418119882506,6.15202247867526,1.079028874013388,1.3493504012227708,1.801999853316949,34.11513157894737,100.09,38.0,41872.0,468.725,138.90768268428616,3.3229780736395402,10.4418119882506,6.15202247867526,1.2032355915065684,3.99622482179669,-0.45487919014081113
2021-07-31,34.13095238095238,102.06,38.0,42582.0,498.0987,141.54080839761772,2.99703332203624,10.4418119882506,6.15202247867526,0.8797074231491564,0.3416829653368536,0.09193744473927623,34.11904761904762,101.17,38.0,42437.0,483.6049,141.41079892250298,3.1745479758920503,10.4418119882506,6.15202247867526,1.079028874013388,1.3493504012227708,1.801999853316949
2021-08-31,34.157738095238095,103.14,38.0,46180.0,510.3942,143.1490948006577,2.46848666740147,10.4418119882506,6.15202247867526,1.058201058201047,8.44957963458739,1.1362704659153566,34.13095238095238,102.06,38.0,42582.0,498.0987,141.54080839761772,2.99703332203624,10.4418119882506,6.15202247867526,0.8797074231491564,0.3416829653368536,0.09193744473927623
2021-09-30,34.15909090909091,104.3,38.0,42911.0,528.4968,144.1365748215297,3.5467879533113797,10.4418119882506,6.15202247867526,1.1246848943184062,-7.078822000866181,0.6898262418264745,34.157738095238095,103.14,38.0,46180.0,510.3942,143.1490948006577,2.46848666740147,10.4418119882506,6.15202247867526,1.058201058201047,8.44957963458739,1.1362704659153566
2021-10-31,34.141447368421055,105.23,38.0,42817.0,547.0802,143.337829259923,3.51627483837178,10.4418119882506,6.15202247867526,0.8916586768935808,-0.21905805038334725,-0.5541588334506353,34.15909090909091,104.3,38.0,42911.0,528.4968,144.1365748215297,3.5467879533113797,10.4418119882506,6.15202247867526,1.1246848943184062,-7.078822000866181,0.6898262418264745
2021-11-30,34.17559523809524,106.48,38.0,41530.0,560.9184,145.38932717790323,2.52946460135095,10.4418119882506,6.15202247867526,1.1878741803668103,-3.0058154471354848,1.4312327238192646,34.141447368421055,105.23,38.0,42817.0,547.0802,143.337829259923,3.51627483837178,10.4418119882506,6.15202247867526,0.8916586768935808,-0.21905805038334725,-0.5541588334506353
2021-12-31,34.2,108.29,38.0,39662.0,582.4575,149.86602325129434,3.83997030584126,10.4418119882506,6.15202247867526,1.699849737039827,-4.497953286780643,3.0791091480279587,34.17559523809524,106.48,38.0,41530.0,560.9184,145.38932717790323,2.52946460135095,10.4418119882506,6.15202247867526,1.1878741803668103,-3.0058154471354848,1.4312327238192646
2022-01-31,36.92559523809524,110.68,40.0,37589.0,605.0317,148.29249185627833,3.87568191670637,6.02074537534855,2.52421385073222,2.2070366608181846,-5.226665321970647,-1.0499587303904878,34.2,108.29,38.0,39662.0,582.4575,149.86602325129434,3.83997030584126,10.4418119882506,6.15202247867526,1.699849737039827,-4.497953286780643,3.0791091480279587
2022-02-28,38.31578947368421,112.89,42.5,37018.0,633.4341,150.84322740553762,4.6943656010089905,6.02074537534855,2.52421385073222,1.996747379833752,-1.5190614275452874,1.720070596515022,36.92559523809524,110.68,40.0,37589.0,605.0317,148.29249185627833,3.87568191670637,6.02074537534855,2.52421385073222,2.2070366608181846,-5.226665321970647,-1.0499587303904878
2022-03-31,40.541666666666664,116.45,44.5,43137.0,676.0566,150.46306825037135,6.72879783390254,6.02074537534855,2.52421385073222,3.1535122685800276,16.529796315306065,-0.25202268719974885,38.31578947368421,112.89,42.5,37018.0,633.4341,150.84322740553762,4.6943656010089905,6.02074537534855,2.52421385073222,1.996747379833752,-1.5190614275452874,1.720070596515022
2022-04-30,43.27302631578947,120.64,47.0,42007.0,716.9399,152.37835769985364,6.04141724228415,6.02074537534855,2.52421385073222,3.5981107771575704,-2.6195609337691494,1.2729299433766883,40.541666666666664,116.45,44.5,43137.0,676.0566,150.46306825037135,6.72879783390254,6.02074537534855,2.52421385073222,3.1535122685800276,16.529796315306065,-0.25202268719974885
2022-05-31,45.521875,125.62,49.0,41561.0,753.147,152.11179883083747,5.05607476635514,6.02074537534855,2.52421385073222,4.127984084880643,-1.0617278072702185,-0.17493223646708467,43.27302631578947,120.64,47.0,42007.0,716.9399,152.37835769985364,6.04141724228415,6.02074537534855,2.52421385073222,3.5981107771575704,-2.6195609337691494,1.2729299433766883
2022-06-30,48.20625,130.44,52.0,42787.0,793.0278,154.2742604415249,5.29522125162815,6.02074537534855,2.52421385073222,3.8369686355675725,2.9498808979572244,1.4216264795423816,45.521875,125.62,49.0,41561.0,753.147,152.11179883083747,5.05607476635514,6.02074537534855,2.52421385073222,4.127984084880643,-1.0617278072702185,-0.17493223646708467
2022-07-31,51.07142857142857,137.93,60.0,38232.0,851.761,152.61462497882655,7.40619685715935,6.02074537534855,2.52421385073222,5.742103649187369,-10.645756888774628,-1.0757695145959811,48.20625,130.44,52.0,42787.0,793.0278,154.2742604415249,5.29522125162815,6.02074537534855,2.52421385073222,3.8369686355675725,2.9498808979572244,1.4216264795423816
2022-08-31,60.48863636363637,145.77,69.5,36734.0,911.1316,151.58821866488825,6.970335575355061,6.02074537534855,2.52421385073222,5.684042630319719,-3.918183720443602,-0.672547807315782,51.07142857142857,137.93,60.0,38232.0,851.761,152.61462497882655,7.40619685715935,6.02074537534855,2.52421385073222,5.742103649187369,-10.645756888774628,-1.0757695145959811
2022-09-30,66.48809523809524,154.25,75.0,37625.0,967.3076,150.76162166948612,6.16551988757716,6.02074537534855,2.52421385073222,5.81738354942718,2.425545815865404,-0.5452910540689637,60.48863636363637,145.77,69.5,36734.0,911.1316,151.58821866488825,6.970335575355061,6.02074537534855,2.52421385073222,5.684042630319719,-3.918183720443602,-0.672547807315782
2022-10-31,69.0625,163.89,75.0,38676.0,1028.706,148.98975163637644,6.34735010869345,6.02074537534855,2.52421385073222,6.249594813614245,2.7933554817275663,-1.175279234521731,66.48809523809524,154.25,75.0,37625.0,967.3076,150.76162166948612,6.16551988757716,6.02074537534855,2.52421385073222,5.81738354942718,2.425545815865404,-0.5452910540689637
2022-11-30,69.17857142857143,174.55,75.0,38009.0,1079.2787,148.14110524181046,4.91614708186791,6.02074537534855,2.52421385073222,6.504362682286913,-1.724583721170747,-0.5696005163074447,69.0625,163.89,75.0,38676.0,1028.706,148.98975163637644,6.34735010869345,6.02074537534855,2.52421385073222,6.249594813614245,2.7933554817275663,-1.175279234521731
2022-12-31,69.3,184.64,75.0,44598.0,1134.5875,148.61686289556908,5.12460775886709,6.02074537534855,2.52421385073222,5.780578630764799,17.335367939172297,0.3211516837153594,69.17857142857143,174.55,75.0,38009.0,1079.2787,148.14110524181046,4.91614708186791,6.02074537534855,2.52421385073222,6.504362682286913,-1.724583721170747,-0.5696005163074447
2023-01-31,69.46875,194.36,75.0,41417.0,1202.979,149.53638197645233,6.02787356638425,-1.85578803046339,2.93436322440155,5.264298093587527,-7.1326068433562035,0.618717864828966,69.3,184.64,75.0,44598.0,1134.5875,148.61686289556908,5.12460775886709,6.02074537534855,2.52421385073222,5.780578630764799,17.335367939172297,0.3211516837153594
2023-02-28,69.77430555555556,204.39,75.0,38709.0,1282.7091,150.2042105117583,6.62772168092709,-1.85578803046339,2.93436322440155,5.160526857378045,-6.53837796074076,0.44659936697621916,69.46875,194.36,75.0,41417.0,1202.979,149.53638197645233,6.02787356638425,-1.85578803046339,2.93436322440155,5.264298093587527,-7.1326068433562035,0.618717864828966
2023-03-31,70.98011363636364,216.24,78.0,39060.0,1381.1601,151.03523442820438,7.67523984978355,-1.85578803046339,2.93436322440155,5.797739615441078,0.9067658684027036,0.5532627305284699,69.77430555555556,204.39,75.0,38709.0,1282.7091,150.2042105117583,6.62772168092709,-1.85578803046339,2.93436322440155,5.160526857378045,-6.53837796074076,0.44659936697621916
2023-04-30,74.23611111111111,229.63,91.0,35001.0,1497.2147,147.54192655097015,8.40268988367096,-1.85578803046339,2.93436322440155,6.192193858675532,-10.391705069124423,-2.3129092297299647,70.98011363636364,216.24,78.0,39060.0,1381.1601,151.03523442820438,7.67523984978355,-1.85578803046339,2.93436322440155,5.797739615441078,0.9067658684027036,0.5532627305284699
2023-05-31,90.046875,250.37,97.0,33001.0,1613.5895,145.60872138350896,7.77275296589059,-1.85578803046339,2.93436322440155,9.031920916256597,-5.714122453644177,-1.310275128333327,74.23611111111111,229.63,91.0,35001.0,1497.2147,147.54192655097015,8.40268988367096,-1.85578803046339,2.93436322440155,6.192193858675532,-10.391705069124423,-2.3129092297299647
2023-06-30,92.446875,270.16,97.0,27926.0,1709.6115,145.9761982634973,5.9508319805006105,-1.85578803046339,2.93436322440155,7.904301633582311,-15.378321869034274,0.25237284998915754,90.046875,250.37,97.0,33001.0,1613.5895,145.60872138350896,7.77275296589059,-1.85578803046339,2.93436322440155,9.031920916256597,-5.714122453644177,-1.310275128333327
2023-07-31,92.60119047619048,287.92,97.0,24092.0,1818.0838,148.7085273235832,6.34485086231579,-1.85578803046339,2.93436322440155,6.573882143914722,-13.72914130201246,1.871763405671012,92.446875,270.16,97.0,27926.0,1709.6115,145.9761982634973,5.9508319805006105,-1.85578803046339,2.93436322440155,7.904301633582311,-15.378321869034274,0.25237284998915754
2023-08-31,104.01704545454545,366.63,118.0,27818.0,2044.2832,150.0715602947967,12.44163772868995,-1.85578803046339,2.93436322440155,27.337454848569042,15.465714760086335,0.9165802363489295,92.60119047619048,287.92,97.0,24092.0,1818.0838,148.7085273235832,6.34485086231579,-1.85578803046339,2.93436322440155,6.573882143914722,-13.72914130201246,1.871763405671012
2023-09-30,113.73511904761905,365.6,118.0,26925.0,2304.9242,149.70616184019144,12.74975013246695,-1.85578803046339,2.93436322440155,-0.2809371846275499,-3.2101517003379154,-0.2434828117249488,104.01704545454545,366.63,118.0,27818.0,2044.2832,150.0715602947967,12.44163772868995,-1.85578803046339,2.93436322440155,27.337454848569042,15.465714760086335,0.9165802363489295
2023-10-31,122.08125,367.94,133.0,22559.0,2496.273,147.83107824820434,8.30173938041001,-1.85578803046339,2.93436322440155,0.6400437636761458,-16.21541318477252,-1.252509294833648,113.73511904761905,365.6,118.0,26925.0,2304.9242,149.70616184019144,12.74975013246695,-1.85578803046339,2.93436322440155,-0.2809371846275499,-3.2101517003379154,-0.2434828117249488
2023-11-30,129.35,378.37,133.0,21513.0,2816.0628,146.38154070926913,12.81069017691574,-1.85578803046339,2.93436322440155,2.8347013099961904,-4.636730351522678,-0.9805364041933551,122.08125,367.94,133.0,22559.0,2496.273,147.83107824820434,8.30173938041001,-1.85578803046339,2.93436322440155,0.6400437636761458,-16.21541318477252,-1.252509294833648
2023-12-31,121.17105263157895,847.11,100.0,23073.0,3533.1922,142.9908931629124,25.46567498423684,-1.85578803046339,2.93436322440155,123.88402886063905,7.251429368288931,-2.316308142357193,129.35,378.37,133.0,21513.0,2816.0628,146.38154070926913,12.81069017691574,-1.85578803046339,2.93436322440155,2.8347013099961904,-4.636730351522678,-0.9805364041933551
2024-01-31,109.16761363636364,872.89,100.0,27642.0,4261.5324,143.0574156896178,20.61422528896106,-1.34293072157739,2.79318715363841,3.0432883568839886,19.802366402288385,0.04652221217305019,121.17105263157895,847.11,100.0,23073.0,3533.1922,142.9908931629124,25.46567498423684,-1.85578803046339,2.93436322440155,123.88402886063905,7.251429368288931,-2.316308142357193
2024-02-29,108.89473684210526,887.5,100.0,26690.0,4825.7881,143.8710263395235,13.24067605352477,-1.34293072157739,2.79318715363841,1.6737504152871452,-3.444034440344401,0.5687301465524319,109.16761363636364,872.89,100.0,27642.0,4261.5324,143.0574156896178,20.61422528896106,-1.34293072157739,2.79318715363841,3.0432883568839886,19.802366402288385,0.04652221217305019
2024-03-31,85.41447368421052,901.63,80.0,27127.0,5357.0929,142.33397234616913,11.00970015654023,-1.34293072157739,2.79318715363841,1.5921126760563453,1.6373173473210878,-1.0683554795300143,108.89473684210526,887.5,100.0,26690.0,4825.7881,143.8710263395235,13.24067605352477,-1.34293072157739,2.79318715363841,1.6737504152871452,-3.444034440344401,0.5687301465524319
2024-04-30,62.66875,920.57,60.0,27578.0,5830.2271,141.09484926770605,8.83192076060508,-1.34293072157739,2.79318715363841,2.1006399520867802,1.6625502267114012,-0.8705743667783095,85.41447368421052,901.63,80.0,27127.0,5357.0929,142.33397234616913,11.00970015654023,-1.34293072157739,2.79318715363841,1.5921126760563453,1.6373173473210878,-1.0683554795300143
2024-05-31,35.58522727272727,933.76,40.0,28664.0,6073.7,143.12009217669834,4.2,-1.34293072157739,2.79318715363841,1.432807934214675,3.9379215316556637,1.4353769251701731,62.66875,920.57,60.0,27578.0,5830.2271,141.09484926770605,8.83192076060508,-1.34293072157739,2.79318715363841,2.1006399520867802,1.6625502267114012,-0.8705743667783095
2024-06-30,33.4264705882353,950.42,40.0,29022.0,6351.7145,143.33433573160545,4.57706578830274,-1.34293072157739,2.79318715363841,1.784184372858122,1.248953391013119,0.14969495313250647,35.58522727272727,933.76,40.0,28664.0,6073.7,143.12009217669834,4.2,-1.34293072157739,2.79318715363841,1.432807934214675,3.9379215316556637,1.4353769251701731
2024-07-31,36.90625,970.88,40.0,26402.0,6607.7479,147.24503227828828,4.03093369514639,-1.34293072157739,2.79318715363841,2.1527324761684286,-9.027634208531454,2.7283738587281947,33.4264705882353,950.42,40.0,29022.0,6351.7145,143.33433573160545,4.57706578830274,-1.34293072157739,2.79318715363841,1.784184372858122,1.248953391013119,0.14969495313250647
2024-08-31,38.84375,991.42,40.0,26719.0,6883.4412,147.9974800216081,4.17227327937252,-1.34293072157739,2.79318715363841,2.1156064601186575,1.2006666161654467,0.5110174052580074,36.90625,970.88,40.0,26402.0,6607.7479,147.24503227828828,4.03093369514639,-1.34293072157739,2.79318715363841,2.1527324761684286,-9.027634208531454,2.7283738587281947
2024-09-30,39.38095238095238,1004.94,40.0,27172.0,7122.2421,147.82869498844457,3.46920810480664,-1.34293072157739,2.79318715363841,1.363700550725233,1.69542273288672,-0.11404588317240894,38.84375,991.42,40.0,26719.0,6883.4412,147.9974800216081,4.17227327937252,-1.34293072157739,2.79318715363841,2.1156064601186575,1.2006666161654467,0.5110174052580074
2024-10-31,40.50852272727273,1020.75,40.0,28618.0,7313.9542,149.10719503402422,2.69173804131146,-1.34293072157739,2.79318715363841,1.5732282524329788,5.321654644486973,0.8648524196737117,39.38095238095238,1004.94,40.0,27172.0,7122.2421,147.82869498844457,3.46920810480664,-1.34293072157739,2.79318715363841,1.363700550725233,1.69542273288672,-0.11404588317240894
2024-11-30,36.171052631578945,1040.27,35.0,30214.0,7491.4314,150.87021962285306,2.4265560755083597,-1.34293072157739,2.79318715363841,1.9123193730100407,5.576909637291205,1.182387334445223,40.50852272727273,1020.75,40.0,28618.0,7313.9542,149.10719503402422,2.69173804131146,-1.34293072157739,2.79318715363841,1.5732282524329788,5.321654644486973,0.8648524196737117
2024-12-31,32.875,1060.28,32.0,29640.0,7694.0075,151.44632488532656,2.70410405146337,-1.34293072157739,2.79318715363841,1.9235390812000652,-1.89978155821805,0.3818548577139147,36.171052631578945,1040.27,35.0,30214.0,7491.4314,150.87021962285306,2.4265560755083597,-1.34293072157739,2.79318715363841,1.9123193730100407,5.576909637291205,1.182387334445223
2025-01-31,31.49715909090909,1079.63,29.0,28310.0,7864.1257,151.5509588186135,2.21104801366518,4.36733330217022,2.16138195623856,1.8249896253819786,-4.487179487179482,0.06908978039987801,32.875,1060.28,32.0,29640.0,7694.0075,151.44632488532656,2.70410405146337,-1.34293072157739,2.79318715363841,1.9235390812000652,-1.89978155821805,0.3818548577139147
2025-02-28,28.478125,1093.18,29.0,28117.0,8052.9927,153.4167608129367,2.40162743075178,4.36733330217022,2.16138195623856,1.2550596037531392,-0.6817379018014824,1.2311383635363882,31.49715909090909,1079.63,29.0,28310.0,7864.1257,151.5509588186135,2.21104801366518,4.36733330217022,2.16138195623856,1.8249896253819786,-4.487179487179482,0.06908978039987801
2025-03-31,29.506944444444443,1103.73,29.0,24986.0,8353.3158,149.4556873103234,3.7293353066121604,4.36733330217022,2.16138195623856,0.9650743701860476,-11.135611907386988,-2.5819040120675485,28.478125,1093.18,29.0,28117.0,8052.9927,153.4167608129367,2.40162743075178,4.36733330217022,2.16138195623856,1.2550596037531392,-0.6817379018014824,1.2311383635363882
2025-04-30,33.1546052631579,1193.88,29.0,38928.0,8585.6078,152.50837254398098,2.78083584485095,4.36733330217022,2.16138195623856,8.167758419178606,55.79924757864405,2.0425353418094483,29.506944444444443,1103.73,29.0,24986.0,8353.3158,149.4556873103234,3.7293353066121604,4.36733330217022,2.16138195623856,0.9650743701860476,-11.135611907386988,-2.5819040120675485
2025-05-31,32.753125,1209.35,29.0,36919.0,8714.4871,152.4631812003061,1.5011086343823,4.36733330217022,2.16138195623856,1.2957751197775202,-5.160809699958902,-0.02963204112734763,33.1546052631579,1193.88,29.0,38928.0,8585.6078,152.50837254398098,2.78083584485095,4.36733330217022,2.16138195623856,8.167758419178606,55.79924757864405,2.0425353418094483
2025-06-30,32.161184210526315,1217.87,29.0,39973.0,8855.5681,150.9735911041198,1.6189248819933302,4.36733330217022,2.16138195623856,0.7045106875594342,8.272163384707065,-0.9770162766243762,32.753125,1209.35,29.0,36919.0,8714.4871,152.4631812003061,1.5011086343823,4.36733330217022,2.16138195623856,1.2957751197775202,-5.160809699958902,-0.02963204112734763
2025-07-31,32.49715909090909,1385.56,29.0,38866.0,9023.973,151.54206663366895,1.90168375533128,4.36733330217022,2.16138195623856,13.769121499010573,-2.769369324293902,0.3765397149207983,32.161184210526315,1217.87,29.0,39973.0,8855.5681,150.9735911041198,1.6189248819933302,4.36733330217022,2.16138195623856,0.7045106875594342,8.272163384707065,-0.9770162766243762
2025-08-31,48.03125,1361.42,,39986.0,9193.2441,152.4776457529625,1.87579351135027,4.36733330217022,2.16138195623856,-1.7422558387944154,2.881696083980856,0.6173725488086257,32.49715909090909,1385.56,29.0,38866.0,9023.973,151.54206663366895,1.90168375533128,4.36733330217022,2.16138195623856,13.769121499010573,-2.769369324293902,0.3765397149207983
2025-09-30,48.42897727272727,1406.79,,40374.0,9384.0922,153.22896887402936,2.07596032395136,4.36733330217022,2.16138195623856,3.332549837669485,0.9703396188666114,0.49274312792324526,48.03125,1361.42,,39986.0,9193.2441,152.4776457529625,1.87579351135027,4.36733330217022,2.16138195623856,-1.7422558387944154,2.881696083980856,0.6173725488086257
2025-10-31,46.16761363636363,1475.11,,39382.0,9603.8623,153.2613988120184,2.34194310239195,4.36733330217022,2.16138195623856,4.856446235756584,-2.457026799425377,0.021164364824310944,48.42897727272727,1406.79,,40374.0,9384.0922,153.22896887402936,2.07596032395136,4.36733330217022,2.16138195623856,3.332549837669485,0.9703396188666114,0.49274312792324526
2025-11-30,32.025735294117645,1487.59,,40335.0,9841.3581,152.95402275714395,2.47291967107856,4.36733330217022,2.16138195623856,0.8460386005111564,2.4198872581382425,-0.20055673330469093,46.16761363636363,1475.11,,39382.0,9603.8623,153.2613988120184,2.34194310239195,4.36733330217022,2.16138195623856,4.856446235756584,-2.457026799425377,0.021164364824310944
2025-12-31,26.460526315789473,1479.28,,41095.0,10121.3715,155.98934499695974,2.8452719345717097,4.36733330217022,2.16138195623856,-0.558621663227099,1.8842196603446215,1.9844670869723968,32.025735294117645,1487.59,,40335.0,9841.3581,152.95402275714395,2.47291967107856,4.36733330217022,2.16138195623856,0.8460386005111564,2.4198872581382425,-0.20055673330469093
2026-01-31,31.202380952380953,1465.01,,44503.0,10413.0309,155.985708376939,2.88161935366171,4.36733330217022,2.16138195623856,-0.9646584825049986,8.29297968122642,-0.0023313259125634644,26.460526315789473,1479.28,,41095.0,10121.3715,155.98934499695974,2.8452719345717097,4.36733330217022,2.16138195623856,-0.558621663227099,1.8842196603446215,1.9844670869723968
2026-02-28,30.791666666666668,1426.45,,45566.0,10714.6255,152.58281982593593,2.89631907267269,4.36733330217022,2.16138195623856,-2.632063944955998,2.3886030155270355,-2.1815386719788443,31.202380952380953,1465.01,,44503.0,10413.0309,155.985708376939,2.88161935366171,4.36733330217022,2.16138195623856,-0.9646584825049986,8.29297968122642,-0.0023313259125634644
2026-03-31,27.56875,1409.48,,42052.0,11077.0608,156.73695664033295,3.38262219244152,4.36733330217022,2.16138195623856,-1.1896666549826462,-7.711890444629765,2.722545578287261,30.791666666666668,1426.45,,45566.0,10714.6255,152.58281982593593,2.89631907267269,4.36733330217022,2.16138195623856,-2.632063944955998,2.3886030155270355,-2.1815386719788443
2026-04-30,22.446875,1415.8,,44516.0,11363.0904,154.60965986576048,2.58217956156745,4.36733330217022,2.16138195623856,0.4483923148962621,5.859412156377819,-1.3572400665236906,27.56875,1409.48,,42052.0,11077.0608,156.73695664033295,3.38262219244152,4.36733330217022,2.16138195623856,-1.1896666549826462,-7.711890444629765,2.722545578287261
2026-05-31,21.345394736842106,1431.57,,48193.0,11607.3937,153.70189679546644,2.14997233499085,4.36733330217022,2.16138195623856,1.1138578895324214,8.25995147812022,-0.5871321824795439,22.446875,1415.8,,44516.0,11363.0904,154.60965986576048,2.58217956156745,4.36733330217022,2.16138195623856,0.4483923148962621,5.859412156377819,-1.3572400665236906
2026-06-30,20.69047619047619,1502.09,,44870.0,11826.4103,154.11726382556031,1.8868714688293702,4.36733330217022,2.16138195623856,4.926060199640947,-6.895192247836823,0.2702419675709056,21.345394736842106,1431.57,,48193.0,11607.3937,153.70189679546644,2.14997233499085,4.36733330217022,2.16138195623856,1.1138578895324214,8.25995147812022,-0.5871321824795439
2026-07-31,21.31845238095238,1511.12,,47599.0,12076.3937,149.64792298456885,2.1137724267861797,4.36733330217022,2.16138195623856,0.6011623804166089,6.082014709159789,-2.899961191920819,20.69047619047619,1502.09,,44870.0,11826.4103,154.11726382556031,1.8868714688293702,4.36733330217022,2.16138195623856,4.926060199640947,-6.895192247836823,0.2702419675709056
2026-08-31,22.721875,1531.51,,48259.0,12276.766,,1.65920642352028,4.36733330217022,2.16138195623856,1.3493302980570832,1.3865837517594848,,21.31845238095238,1511.12,,47599.0,12076.3937,149.64792298456885,2.1137724267861797,4.36733330217022,2.16138195623856,0.6011623804166089,6.082014709159789,-2.899961191920819
