date,bcra_badlar,bcra_official_fx,bcra_policy_rate,bcra_reserves,datos_cpi_index,datos_emae_index,datos_inflation_mom,wb_arg_gdp_growth,wb_us_gdp_growth,bcra_official_fx_mom,bcra_reserves_mom,datos_emae_mom,bcra_badlar_lag1,bcra_official_fx_lag1,bcra_policy_rate_lag1,bcra_reserves_lag1,datos_cpi_index_lag1,datos_emae_index_lag1,datos_inflation_mom_lag1,wb_arg_gdp_growth_lag1,wb_us_gdp_growth_lag1,bcra_official_fx_mom_lag1,bcra_reserves_mom_lag1,datos_emae_mom_lag1
2004-01-31,,,,,,98.43818604481685,,,,,,,,,,,,,,,,,,
2004-02-29,,,,,,98.21780645496057,,,,,,-0.22387611831443666,,,,,,98.43818604481685,,,,,,
2004-03-31,,,,,,97.72966985507487,,,,,,-0.4969939947798929,,,,,,98.21780645496057,,,,,,-0.22387611831443666
2004-04-30,,,,,,95.2046055129126,,,,,,-2.5837233932200387,,,,,,97.72966985507487,,,,,,-0.4969939947798929
2004-05-31,,,,,,96.8381482255057,,,,,,1.7158232039221621,,,,,,95.2046055129126,,,,,,-2.5837233932200387
2004-06-30,,,,,,98.61608613147531,,,,,,1.835989161863516,,,,,,96.8381482255057,,,,,,1.7158232039221621
2004-07-31,,,,,,100.8540981299305,,,,,,2.2694187999627857,,,,,,98.61608613147531,,,,,,1.835989161863516
2004-08-31,,,,,,102.21131069030837,,,,,,1.3457188012621524,,,,,,100.8540981299305,,,,,,2.2694187999627857
2004-09-30,,,,,,102.36418343973747,,,,,,0.14956539388513157,,,,,,102.21131069030837,,,,,,1.3457188012621524
2004-10-31,,,,,,103.09536386002564,,,,,,0.7142932183097139,,,,,,102.36418343973747,,,,,,0.14956539388513157
2004-11-30,,,,,,103.59309547780504,,,,,,0.48278758534203714,,,,,,103.09536386002564,,,,,,0.7142932183097139
2004-12-31,,,,,,102.83744617744712,,,,,,-0.7294398307846839,,,,,,103.59309547780504,,,,,,0.48278758534203714
2005-01-31,,,,,,105.64040125861844,,,,,,2.7256171612184854,,,,,,102.83744617744712,,,,,,-0.7294398307846839
2005-02-28,,,,,,105.98016663689612,,,,,,0.32162446775063636,,,,,,105.64040125861844,,,,,,2.7256171612184854
2005-03-31,,,,,,106.81006299656931,,,,,,0.7830676116188373,,,,,,105.98016663689612,,,,,,0.32162446775063636
2005-04-30,,,,,,108.0917126559852,,,,,,1.1999334364750425,,,,,,106.81006299656931,,,,,,0.7830676116188373
2005-05-31,,,,,,109.21123066209464,,,,,,1.0357112294745674,,,,,,108.0917126559852,,,,,,1.1999334364750425
2005-06-30,,,,,,108.6511002875444,,,,,,-0.5128871556106862,,,,,,109.21123066209464,,,,,,1.0357112294745674
2005-07-31,,,,,,109.16313871432334,,,,,,0.47126851492882427,,,,,,108.6511002875444,,,,,,-0.5128871556106862
2005-08-31,,,,,,109.36098030525407,,,,,,0.18123479524392305,,,,,,109.16313871432334,,,,,,0.47126851492882427
2005-09-30,,,,,,109.29613670824033,,,,,,-0.05929317461561556,,,,,,109.36098030525407,,,,,,0.18123479524392305
2005-10-31,,,,,,109.9116627592506,,,,,,0.5631727429244782,,,,,,109.29613670824033,,,,,,-0.05929317461561556
2005-11-30,,,,,,111.12979085329616,,,,,,1.1082791975531636,,,,,,109.9116627592506,,,,,,0.5631727429244782
2005-12-31,,,,,,112.97353517462746,,,,,,1.6590909666744924,,,,,,111.12979085329616,,,,,,1.1082791975531636
2006-01-31,,,,,,113.86805327202686,,,,,,0.7917943755736401,,,,,,112.97353517462746,,,,,,1.6590909666744924
2006-02-28,,,,,,114.7382766029572,,,,,,0.7642383494968596,,,,,,113.86805327202686,,,,,,0.7917943755736401
2006-03-31,,,,,,114.27456384538054,,,,,,-0.40414826795882597,,,,,,114.7382766029572,,,,,,0.7642383494968596
2006-04-30,,,,,,115.7701105321044,,,,,,1.3087310389978013,,,,,,114.27456384538054,,,,,,-0.40414826795882597
2006-05-31,,,,,,115.00686025755792,,,,,,-0.659280941374607,,,,,,115.7701105321044,,,,,,1.3087310389978013
2006-06-30,,,,,,116.2481658393294,,,,,,1.0793317711583317,,,,,,115.00686025755792,,,,,,-0.659280941374607
2006-07-31,,,,,,118.17065867875864,,,,,,1.6537833741707253,,,,,,116.2481658393294,,,,,,1.0793317711583317
2006-08-31,,,,,,118.8461227096,,,,,,0.5716004619027881,,,,,,118.17065867875864,,,,,,1.6537833741707253
2006-09-30,,,,,,119.86038751596506,,,,,,0.8534269215020318,,,,,,118.8461227096,,,,,,0.5716004619027881
2006-10-31,,,,,,120.6068886161656,,,,,,0.6228088492548078,,,,,,119.86038751596506,,,,,,0.8534269215020318
2006-11-30,,,,,,120.6467422111724,,,,,,0.03304421120888801,,,,,,120.6068886161656,,,,,,0.6228088492548078
2006-12-31,,,,,,123.29658478558656,,,,,,2.1963647968016087,,,,,,120.6467422111724,,,,,,0.03304421120888801
2007-01-31,,,,,,122.07327916394652,,,,,,-0.9921650496381273,,,,,,123.29658478558656,,,,,,2.1963647968016087
2007-02-28,,,,,,124.63562935012908,,,,,,2.0990262600722565,,,,,,122.07327916394652,,,,,,-0.9921650496381273
2007-03-31,,,,,,126.49103209445823,,,,,,1.4886615921976265,,,,,,124.63562935012908,,,,,,2.0990262600722565
2007-04-30,,,,,,125.36718401385426,,,,,,-0.8884804416527614,,,,,,126.49103209445823,,,,,,1.4886615921976265
2007-05-31,,,,,,127.20881399310552,,,,,,1.4689888695655462,,,,,,125.36718401385426,,,,,,-0.8884804416527614
2007-06-30,,,,,,128.40982047406217,,,,,,0.944122064546371,,,,,,127.20881399310552,,,,,,1.4689888695655462
2007-07-31,,,,,,127.78147136424244,,,,,,-0.48933103986906756,,,,,,128.40982047406217,,,,,,0.944122064546371
2007-08-31,,,,,,128.73327580823883,,,,,,0.7448689030064903,,,,,,127.78147136424244,,,,,,-0.48933103986906756
2007-09-30,,,,,,129.6493440094345,,,,,,0.7116017171506117,,,,,,128.73327580823883,,,,,,0.7448689030064903
2007-10-31,,,,,,131.25690973841688,,,,,,1.2399335617659712,,,,,,129.6493440094345,,,,,,0.7116017171506117
2007-11-30,,,,,,132.69668297831936,,,,,,1.0969123399079184,,,,,,131.25690973841688,,,,,,1.2399335617659712
2007-12-31,,,,,,134.1579586305712,,,,,,1.101214905643566,,,,,,132.69668297831936,,,,,,1.0969123399079184
2008-01-31,,,,,,135.2295251745166,,,,,,0.7987349799322585,,,,,,134.1579586305712,,,,,,1.101214905643566
2008-02-29,,,,,,133.47531871120017,,,,,,-1.2972067017558375,,,,,,135.2295251745166,,,,,,0.7987349799322585
2008-03-31,,,,,,133.2635526316054,,,,,,-0.15865560887176056,,,,,,133.47531871120017,,,,,,-1.2972067017558375
2008-04-30,,,,,,135.86243112112666,,,,,,1.9501795038480152,,,,,,133.2635526316054,,,,,,-0.15865560887176056
2008-05-31,,,,,,134.9124366011499,,,,,,-0.6992326812772953,,,,,,135.86243112112666,,,,,,1.9501795038480152
2008-06-30,,,,,,133.3361313233309,,,,,,-1.16839137853475,,,,,,134.9124366011499,,,,,,-0.6992326812772953
2008-07-31,,,,,,135.23192625861927,,,,,,1.4218163647565119,,,,,,133.3361313233309,,,,,,-1.16839137853475
2008-08-31,,,,,,135.57898458504536,,,,,,0.2566393425191382,,,,,,135.23192625861927,,,,,,1.4218163647565119
2008-09-30,,,,,,135.9143106179596,,,,,,0.2473289160119574,,,,,,135.57898458504536,,,,,,0.2566393425191382
2008-10-31,,,,,,132.50707238101344,,,,,,-2.5069017540938154,,,,,,135.9143106179596,,,,,,0.2473289160119574
2008-11-30,,,,,,130.39569113916446,,,,,,-1.5934102262691874,,,,,,132.50707238101344,,,,,,-2.5069017540938154
2008-12-31,,,,,,125.17298632784842,,,,,,-4.005274074388021,,,,,,130.39569113916446,,,,,,-1.5934102262691874
2009-01-31,,,,,,124.35215106975907,,-5.91852507634947,-2.57650022958367,,,-0.6557607053805037,,,,,,125.17298632784842,,,,,,-4.005274074388021
2009-02-28,,,,,,126.2420555073399,,-5.91852507634947,-2.57650022958367,,,1.519800358355372,,,,,,124.35215106975907,,-5.91852507634947,-2.57650022958367,,,-0.6557607053805037
2009-03-31,,,,,,123.50680484470266,,-5.91852507634947,-2.57650022958367,,,-2.166671519760077,,,,,,126.2420555073399,,-5.91852507634947,-2.57650022958367,,,1.519800358355372
2009-04-30,,,,,,121.66692881874164,,-5.91852507634947,-2.57650022958367,,,-1.4896960764829714,,,,,,123.50680484470266,,-5.91852507634947,-2.57650022958367,,,-2.166671519760077
2009-05-31,,,,,,121.01287817011092,,-5.91852507634947,-2.57650022958367,,,-0.5375747172883028,,,,,,121.66692881874164,,-5.91852507634947,-2.57650022958367,,,-1.4896960764829714
2009-06-30,,,,,,122.5091422923648,,-5.91852507634947,-2.57650022958367,,,1.236450322378535,,,,,,121.01287817011092,,-5.91852507634947,-2.57650022958367,,,-0.5375747172883028
2009-07-31,,,,,,124.66149573999976,,-5.91852507634947,-2.57650022958367,,,1.7568921040181928,,,,,,122.5091422923648,,-5.91852507634947,-2.57650022958367,,,1.236450322378535
2009-08-31,,,,,,126.73976778776748,,-5.91852507634947,-2.57650022958367,,,1.6671322892693796,,,,,,124.66149573999976,,-5.91852507634947,-2.57650022958367,,,1.7568921040181928
2009-09-30,,,,,,128.17884193461924,,-5.91852507634947,-2.57650022958367,,,1.1354558809525184,,,,,,126.73976778776748,,-5.91852507634947,-2.57650022958367,,,1.6671322892693796
2009-10-31,,,,,,129.2961607151787,,-5.91852507634947,-2.57650022958367,,,0.871687373435126,,,,,,128.17884193461924,,-5.91852507634947,-2.57650022958367,,,1.1354558809525184
2009-11-30,,,,,,129.83046579539908,,-5.91852507634947,-2.57650022958367,,,0.4132412573311983,,,,,,129.2961607151787,,-5.91852507634947,-2.57650022958367,,,0.871687373435126
2009-12-31,,,,,,128.1351681768375,,-5.91852507634947,-2.57650022958367,,,-1.3057779683492754,,,,,,129.83046579539908,,-5.91852507634947,-2.57650022958367,,,0.4132412573311983
2010-01-31,,,,,,131.8032199624102,,10.1253981561002,2.69519257744442,,,2.86264250304058,,,,,,128.1351681768375,,-5.91852507634947,-2.57650022958367,,,-1.3057779683492754
2010-02-28,,,,,,133.28617648019966,,10.1253981561002,2.69519257744442,,,1.1251292026191795,,,,,,131.8032199624102,,10.1253981561002,2.69519257744442,,,2.86264250304058
2010-03-31,,,,,,134.10279775325935,,10.1253981561002,2.69519257744442,,,0.612682646186502,,,,,,133.28617648019966,,10.1253981561002,2.69519257744442,,,1.1251292026191795
2010-04-30,,,,,,137.02960290436343,,10.1253981561002,2.69519257744442,,,2.1825086427273543,,,,,,134.10279775325935,,10.1253981561002,2.69519257744442,,,0.612682646186502
2010-05-31,,,,,,139.27326263388895,,10.1253981561002,2.69519257744442,,,1.637354032975935,,,,,,137.02960290436343,,10.1253981561002,2.69519257744442,,,2.1825086427273543
2010-06-30,,,,,,140.60691717437575,,10.1253981561002,2.69519257744442,,,0.9575811719099381,,,,,,139.27326263388895,,10.1253981561002,2.69519257744442,,,1.637354032975935
2010-07-31,,,,,,139.4266975707175,,10.1253981561002,2.69519257744442,,,-0.8393752081162442,,,,,,140.60691717437575,,10.1253981561002,2.69519257744442,,,0.9575811719099381
2010-08-31,,,,,,139.9659663703646,,10.1253981561002,2.69519257744442,,,0.3867758535796906,,,,,,139.4266975707175,,10.1253981561002,2.69519257744442,,,-0.8393752081162442
2010-09-30,,,,,,139.268025152894,,10.1253981561002,2.69519257744442,,,-0.4986506617071229,,,,,,139.9659663703646,,10.1253981561002,2.69519257744442,,,0.3867758535796906
2010-10-31,,,,,,140.0509490277244,,10.1253981561002,2.69519257744442,,,0.5621705872334237,,,,,,139.268025152894,,10.1253981561002,2.69519257744442,,,-0.4986506617071229
2010-11-30,,,,,,142.18602998595605,,10.1253981561002,2.69519257744442,,,1.5245030276867189,,,,,,140.0509490277244,,10.1253981561002,2.69519257744442,,,0.5621705872334237
2010-12-31,,,,,,141.63406357220495,,10.1253981561002,2.69519257744442,,,-0.38820017255255523,,,,,,142.18602998595605,,10.1253981561002,2.69519257744442,,,1.5245030276867189
2011-01-31,,,,,,145.5574460806623,,6.00395169280579,1.56440685763506,,,2.770083982273941,,,,,,141.63406357220495,,10.1253981561002,2.69519257744442,,,-0.38820017255255523
2011-02-28,,,,,,143.71243674877607,,6.00395169280579,1.56440685763506,,,-1.2675471997933951,,,,,,145.5574460806623,,6.00395169280579,1.56440685763506,,,2.770083982273941
2011-03-31,,,,,,144.66019873337265,,6.00395169280579,1.56440685763506,,,0.6594850146848241,,,,,,143.71243674877607,,6.00395169280579,1.56440685763506,,,-1.2675471997933951
2011-04-30,,,,,,144.90978673967678,,6.00395169280579,1.56440685763506,,,0.17253398549808008,,,,,,144.66019873337265,,6.00395169280579,1.56440685763506,,,0.6594850146848241
2011-05-31,,,,,,147.38533183235134,,6.00395169280579,1.56440685763506,,,1.7083353363301468,,,,,,144.90978673967678,,6.00395169280579,1.56440685763506,,,0.17253398549808008
2011-06-30,,,,,,146.9775500232366,,6.00395169280579,1.56440685763506,,,-0.27667733555641894,,,,,,147.38533183235134,,6.00395169280579,1.56440685763506,,,1.7083353363301468
2011-07-31,,,,,,147.33277655201644,,6.00395169280579,1.56440685763506,,,0.24168761060698873,,,,,,146.9775500232366,,6.00395169280579,1.56440685763506,,,-0.27667733555641894
2011-08-31,,,,,,147.0151803677607,,6.00395169280579,1.56440685763506,,,-0.2155638356164502,,,,,,147.33277655201644,,6.00395169280579,1.56440685763506,,,0.24168761060698873
2011-09-30,,,,,,148.36168311261835,,6.00395169280579,1.56440685763506,,,0.9158936794753769,,,,,,147.0151803677607,,6.00395169280579,1.56440685763506,,,-0.2155638356164502
2011-10-31,,,,,,147.34440034824965,,6.00395169280579,1.56440685763506,,,-0.6856775570525886,,,,,,148.36168311261835,,6.00395169280579,1.56440685763506,,,0.9158936794753769
2011-11-30,,,,,,147.25918862368582,,6.00395169280579,1.56440685763506,,,-0.05783166809355533,,,,,,147.34440034824965,,6.00395169280579,1.56440685763506,,,-0.6856775570525886
2011-12-31,,,,,,147.701295991547,,6.00395169280579,1.56440685763506,,,0.30022396021138764,,,,,,147.25918862368582,,6.00395169280579,1.56440685763506,,,-0.05783166809355533
2012-01-31,,,,,,147.81814390451845,,-1.0264204544321,2.28911338669843,,,0.07911095985111416,,,,,,147.701295991547,,6.00395169280579,1.56440685763506,,,0.30022396021138764
2012-02-29,,,,,,144.77882455194307,,-1.0264204544321,2.28911338669843,,,-2.056120630589564,,,,,,147.81814390451845,,-1.0264204544321,2.28911338669843,,,0.07911095985111416
2012-03-31,,,,,,145.45292265176383,,-1.0264204544321,2.28911338669843,,,0.4656054515616681,,,,,,144.77882455194307,,-1.0264204544321,2.28911338669843,,,-2.056120630589564
2012-04-30,,,,,,141.79265369758883,,-1.0264204544321,2.28911338669843,,,-2.516462981591805,,,,,,145.45292265176383,,-1.0264204544321,2.28911338669843,,,0.4656054515616681
2012-05-31,,,,,,140.22899716677748,,-1.0264204544321,2.28911338669843,,,-1.1027768294302964,,,,,,141.79265369758883,,-1.0264204544321,2.28911338669843,,,-2.516462981591805
2012-06-30,,,,,,140.71916779482785,,-1.0264204544321,2.28911338669843,,,0.34955012012771736,,,,,,140.22899716677748,,-1.0264204544321,2.28911338669843,,,-1.1027768294302964
2012-07-31,,,,,,144.89056375044558,,-1.0264204544321,2.28911338669843,,,2.9643409785507835,,,,,,140.71916779482785,,-1.0264204544321,2.28911338669843,,,0.34955012012771736
2012-08-31,,,,,,145.0099509621423,,-1.0264204544321,2.28911338669843,,,0.08239819668474091,,,,,,144.89056375044558,,-1.0264204544321,2.28911338669843,,,2.9643409785507835
2012-09-30,,,,,,146.26006183081148,,-1.0264204544321,2.28911338669843,,,0.8620862639940663,,,,,,145.0099509621423,,-1.0264204544321,2.28911338669843,,,0.08239819668474091
2012-10-31,,,,,,147.13850047965894,,-1.0264204544321,2.28911338669843,,,0.6006004905588114,,,,,,146.26006183081148,,-1.0264204544321,2.28911338669843,,,0.8620862639940663
2012-11-30,,,,,,147.02975149706185,,-1.0264204544321,2.28911338669843,,,-0.07390926388578523,,,,,,147.13850047965894,,-1.0264204544321,2.28911338669843,,,0.6006004905588114
2012-12-31,,,,,,149.05103496890692,,-1.0264204544321,2.28911338669843,,,1.3747445338540665,,,,,,147.02975149706185,,-1.0264204544321,2.28911338669843,,,-0.07390926388578523
2013-01-31,,,,,,145.7811753887427,,2.40532378079436,2.11783009790057,,,-2.193785223193079,,,,,,149.05103496890692,,-1.0264204544321,2.28911338669843,,,1.3747445338540665
2013-02-28,,,,,,148.48931250132324,,2.40532378079436,2.11783009790057,,,1.8576727107316726,,,,,,145.7811753887427,,2.40532378079436,2.11783009790057,,,-2.193785223193079
2013-03-31,,,,,,148.47614927695696,,2.40532378079436,2.11783009790057,,,-0.008864762146543193,,,,,,148.48931250132324,,2.40532378079436,2.11783009790057,,,1.8576727107316726
2013-04-30,,,,,,148.49100433615445,,2.40532378079436,2.11783009790057,,,0.010005013781566596,,,,,,148.47614927695696,,2.40532378079436,2.11783009790057,,,-0.008864762146543193
2013-05-31,,,,,,148.2475868259564,,2.40532378079436,2.11783009790057,,,-0.16392744549493798,,,,,,148.49100433615445,,2.40532378079436,2.11783009790057,,,0.010005013781566596
2013-06-30,,,,,,149.0624424965624,,2.40532378079436,2.11783009790057,,,0.5496586406918302,,,,,,148.2475868259564,,2.40532378079436,2.11783009790057,,,-0.16392744549493798
2013-07-31,,,,,,148.16888219365632,,2.40532378079436,2.11783009790057,,,-0.599453683932949,,,,,,149.0624424965624,,2.40532378079436,2.11783009790057,,,0.5496586406918302
2013-08-31,,,,,,150.2414036104908,,2.40532378079436,2.11783009790057,,,1.3987561937099047,,,,,,148.16888219365632,,2.40532378079436,2.11783009790057,,,-0.599453683932949
2013-09-30,,,,,,150.3006938494317,,2.40532378079436,2.11783009790057,,,0.0394633153818269,,,,,,150.2414036104908,,2.40532378079436,2.11783009790057,,,1.3987561937099047
2013-10-31,,,,,,149.10118080089836,,2.40532378079436,2.11783009790057,,,-0.7980755230145409,,,,,,150.3006938494317,,2.40532378079436,2.11783009790057,,,0.0394633153818269
2013-11-30,,,,,,148.2577932818814,,2.40532378079436,2.11783009790057,,,-0.5656477799080517,,,,,,149.10118080089836,,2.40532378079436,2.11783009790057,,,-0.7980755230145409
2013-12-31,,,,,,147.4096854302662,,2.40532378079436,2.11783009790057,,,-0.5720494234004225,,,,,,148.2577932818814,,2.40532378079436,2.11783009790057,,,-0.5656477799080517
2014-01-31,,,,,,145.6623359453621,,-2.51261532081394,2.52381981363968,,,-1.1853695229074424,,,,,,147.4096854302662,,2.40532378079436,2.11783009790057,,,-0.5720494234004225
2014-02-28,,,,,,146.81831108483095,,-2.51261532081394,2.52381981363968,,,0.7935992046032236,,,,,,145.6623359453621,,-2.51261532081394,2.52381981363968,,,-1.1853695229074424
2014-03-31,,,,,,145.52602410816712,,-2.51261532081394,2.52381981363968,,,-0.8801946890106604,,,,,,146.81831108483095,,-2.51261532081394,2.52381981363968,,,0.7935992046032236
2014-04-30,,,,,,144.93658097727447,,-2.51261532081394,2.52381981363968,,,-0.4050431079286043,,,,,,145.52602410816712,,-2.51261532081394,2.52381981363968,,,-0.8801946890106604
2014-05-31,,,,,,145.22763533217514,,-2.51261532081394,2.52381981363968,,,0.20081497227142364,,,,,,144.93658097727447,,-2.51261532081394,2.52381981363968,,,-0.4050431079286043
2014-06-30,,,,,,144.52505654253736,,-2.51261532081394,2.52381981363968,,,-0.4837776143850281,,,,,,145.22763533217514,,-2.51261532081394,2.52381981363968,,,0.20081497227142364
2014-07-31,,,,,,144.04793565023047,,-2.51261532081394,2.52381981363968,,,-0.33013022358960864,,,,,,144.52505654253736,,-2.51261532081394,2.52381981363968,,,-0.4837776143850281
2014-08-31,,,,,,143.5954569561341,,-2.51261532081394,2.52381981363968,,,-0.31411675013175433,,,,,,144.04793565023047,,-2.51261532081394,2.52381981363968,,,-0.33013022358960864
2014-09-30,,,,,,143.56232893976468,,-2.51261532081394,2.52381981363968,,,-0.023070379155187837,,,,,,143.5954569561341,,-2.51261532081394,2.52381981363968,,,-0.31411675013175433
2014-10-31,,,,,,143.82437223857875,,-2.51261532081394,2.52381981363968,,,0.1825292893681052,,,,,,143.56232893976468,,-2.51261532081394,2.52381981363968,,,-0.023070379155187837
2014-11-30,,,,,,144.79482463797558,,-2.51261532081394,2.52381981363968,,,0.6747482254169102,,,,,,143.82437223857875,,-2.51261532081394,2.52381981363968,,,0.1825292893681052
2014-12-31,,,,,,144.7309562699424,,-2.51261532081394,2.52381981363968,,,-0.044109565513039684,,,,,,144.79482463797558,,-2.51261532081394,2.52381981363968,,,0.6747482254169102
2015-01-31,20.232142857142858,8.7,,31452.0,,144.08700572466864,,2.73115982828944,2.94555045484053,,,-0.44492937922188114,,,,,,144.7309562699424,,-2.51261532081394,2.52381981363968,,,-0.044109565513039684
2015-02-28,20.663194444444443,8.79,,31470.0,,147.84104392097478,,2.73115982828944,2.94555045484053,1.0344827586206806,0.05723006486073601,2.6053967721972215,20.232142857142858,8.7,,31452.0,,144.08700572466864,,2.73115982828944,2.94555045484053,,,-0.44492937922188114
2015-03-31,20.903125,8.88,,31490.0,,147.58493152232705,,2.73115982828944,2.94555045484053,1.0238907849829504,0.06355258976802336,-0.17323497714519798,20.663194444444443,8.79,,31470.0,,147.84104392097478,,2.73115982828944,2.94555045484053,1.0344827586206806,0.05723006486073601,2.6053967721972215
2015-04-30,20.815625,8.96,,33909.0,,149.7560076828022,,2.73115982828944,2.94555045484053,0.9009009009008917,7.6818037472213385,1.4710689892800444,20.903125,8.88,,31490.0,,147.58493152232705,,2.73115982828944,2.94555045484053,1.0238907849829504,0.06355258976802336,-0.17323497714519798
2015-05-31,20.25986842105263,9.05,,33283.0,,150.0500800564323,,2.73115982828944,2.94555045484053,1.0044642857142794,-1.8461175499130067,0.19636766376209813,20.815625,8.96,,33909.0,,149.7560076828022,,2.73115982828944,2.94555045484053,0.9009009009008917,7.6818037472213385,1.4710689892800444
2015-06-30,20.477272727272727,9.15,,33851.0,,150.97437138979006,,2.73115982828944,2.94555045484053,1.104972375690605,1.7065769311660706,0.6159885639582141,20.25986842105263,9.05,,33283.0,,150.0500800564323,,2.73115982828944,2.94555045484053,1.0044642857142794,-1.8461175499130067,0.19636766376209813
2015-07-31,20.744318181818183,9.26,,33943.0,,150.62789195804137,,2.73115982828944,2.94555045484053,1.2021857923497192,0.27177926796844165,-0.22949552865111356,20.477272727272727,9.15,,33851.0,,150.97437138979006,,2.73115982828944,2.94555045484053,1.104972375690605,1.7065769311660706,0.6159885639582141
2015-08-31,20.978125,9.37,,33606.0,,150.33834146415472,,2.73115982828944,2.94555045484053,1.1879049676025932,-0.9928409392216397,-0.19222900229348694,20.744318181818183,9.26,,33943.0,,150.62789195804137,,2.73115982828944,2.94555045484053,1.2021857923497192,0.27177926796844165,-0.22949552865111356
2015-09-30,21.18465909090909,9.5,,33257.0,,148.89823961597693,,2.73115982828944,2.94555045484053,1.3874066168623411,-1.0385050288638897,-0.9579072338782968,20.978125,9.37,,33606.0,,150.33834146415472,,2.73115982828944,2.94555045484053,1.1879049676025932,-0.9928409392216397,-0.19222900229348694
2015-10-31,21.601190476190474,9.61,,26970.0,,149.19853559187965,,2.73115982828944,2.94555045484053,1.157894736842091,-18.90429082599152,0.20167866099505272,21.18465909090909,9.5,,33257.0,,148.89823961597693,,2.73115982828944,2.94555045484053,1.3874066168623411,-1.0385050288638897,-0.9579072338782968
2015-11-30,23.42763157894737,9.76,,25615.0,,148.46405719430734,,2.73115982828944,2.94555045484053,1.5608740894901274,-5.024100852799407,-0.4922825781490281,21.601190476190474,9.61,,26970.0,,149.19853559187965,,2.73115982828944,2.94555045484053,1.157894736842091,-18.90429082599152,0.20167866099505272
2015-12-31,27.34375,13.4,33.0,25563.0,,146.87843653690558,,2.73115982828944,2.94555045484053,37.295081967213115,-0.2030060511419074,-1.068016520204973,23.42763157894737,9.76,,25615.0,,148.46405719430734,,2.73115982828944,2.94555045484053,1.5608740894901274,-5.024100852799407,-0.4922825781490281
2016-01-31,26.3125,14.13,30.75,30074.0,,147.984164435212,,-2.08032784377811,1.81945147788167,5.447761194029854,17.646598599538386,0.7528184016505346,27.34375,13.4,33.0,25563.0,,146.87843653690558,,2.73115982828944,2.94555045484053,37.295081967213115,-0.2030060511419074,-1.068016520204973
2016-02-29,26.223684210526315,15.88,31.15,28399.0,,147.0735309036678,,-2.08032784377811,1.81945147788167,12.384996461429587,-5.569594999002458,-0.6153587682977246,26.3125,14.13,30.75,30074.0,,147.984164435212,,-2.08032784377811,1.81945147788167,5.447761194029854,17.646598599538386,0.7528184016505346
2016-03-31,29.735119047619047,14.89,38.0,29572.0,,146.10851463731433,,-2.08032784377811,1.81945147788167,-6.234256926952142,4.130427127715763,-0.6561454399198086,26.223684210526315,15.88,31.15,28399.0,,147.0735309036678,,-2.08032784377811,1.81945147788167,12.384996461429587,-5.569594999002458,-0.6153587682977246
2016-04-30,30.696428571428573,14.51,38.0,34380.0,,144.92921584007314,,-2.08032784377811,1.81945147788167,-2.5520483546004114,16.258623021777364,-0.8071389954025343,29.735119047619047,14.89,38.0,29572.0,,146.10851463731433,,-2.08032784377811,1.81945147788167,-6.234256926952142,4.130427127715763,-0.6561454399198086
2016-05-31,30.964285714285715,14.25,35.25,30171.0,,144.60979068880104,,-2.08032784377811,1.81945147788167,-1.791867677463821,-12.242582897033161,-0.22040080008752794,30.696428571428573,14.51,38.0,34380.0,,144.92921584007314,,-2.08032784377811,1.81945147788167,-2.5520483546004114,16.258623021777364,-0.8071389954025343
2016-06-30,28.946875,15.21,30.75,30507.0,,144.28461730121603,,-2.08032784377811,1.81945147788167,6.736842105263174,1.1136521825594103,-0.22486263622687463,30.964285714285715,14.25,35.25,30171.0,,144.60979068880104,,-2.08032784377811,1.81945147788167,-1.791867677463821,-12.242582897033161,-0.22040080008752794
2016-07-31,26.01875,15.29,30.25,32511.0,,144.44230222025726,,-2.08032784377811,1.81945147788167,0.5259697567389754,6.568984167568104,0.1092874084505091,28.946875,15.21,30.75,30507.0,,144.28461730121603,,-2.08032784377811,1.81945147788167,6.736842105263174,1.1136521825594103,-0.22486263622687463
2016-08-31,24.84375,15.16,28.25,31150.0,,145.5165865459859,,-2.08032784377811,1.81945147788167,-0.8502289077828573,-4.186275414475105,0.7437463327678584,26.01875,15.29,30.25,32511.0,,144.44230222025726,,-2.08032784377811,1.81945147788167,0.5259697567389754,6.568984167568104,0.1092874084505091
2016-09-30,23.053977272727273,15.49,26.75,29902.0,,144.9142293049511,,-2.08032784377811,1.81945147788167,2.176781002638517,-4.006420545746392,-0.41394404262253826,24.84375,15.16,28.25,31150.0,,145.5165865459859,,-2.08032784377811,1.81945147788167,-0.8502289077828573,-4.186275414475105,0.7437463327678584
2016-10-31,22.090625,15.4,26.75,37210.0,,145.0099426627921,,-2.08032784377811,1.81945147788167,-0.5810200129115595,24.439836800214042,0.06604828131788754,23.053977272727273,15.49,26.75,29902.0,,144.9142293049511,,-2.08032784377811,1.81945147788167,2.176781002638517,-4.006420545746392,-0.41394404262253826
2016-11-30,21.098214285714285,16.1,24.75,37378.0,,145.71579727175728,,-2.08032784377811,1.81945147788167,4.545454545454541,0.45149153453372115,0.48676290466964645,22.090625,15.4,26.75,37210.0,,145.0099426627921,,-2.08032784377811,1.81945147788167,-0.5810200129115595,24.439836800214042,0.06604828131788754
2016-12-31,20.028125,16.13,24.75,39308.0,100.0,146.9826617165933,,-2.08032784377811,1.81945147788167,0.18633540372670065,5.1634651399218745,0.8694077571241854,21.098214285714285,16.1,24.75,37378.0,,145.71579727175728,,-2.08032784377811,1.81945147788167,4.545454545454541,0.45149153453372115,0.48676290466964645
2017-01-31,19.767045454545453,16.14,24.75,46887.0,101.5859,147.28783054174625,1.58589999999998,2.81850297775918,2.45762229852507,0.061996280223186595,19.28106237915945,0.20762232877600262,20.028125,16.13,24.75,39308.0,100.0,146.9826617165933,,-2.08032784377811,1.81945147788167,0.18633540372670065,5.1634651399218745,0.8694077571241854
2017-02-28,20.0625,15.76,24.75,50608.0,103.6859,146.9341346266432,2.06721602112105,2.81850297775918,2.45762229852507,-2.354399008674102,7.936101691300368,-0.2401392659543422,19.767045454545453,16.14,24.75,46887.0,101.5859,147.28783054174625,1.58589999999998,2.81850297775918,2.45762229852507,0.061996280223186595,19.28106237915945,0.20762232877600262
2017-03-31,19.5,15.63,24.75,50522.0,106.1476,147.75615312299135,2.37418974036005,2.81850297775918,2.45762229852507,-0.8248730964466988,-0.16993360733480456,0.5594469239138089,20.0625,15.76,24.75,50608.0,103.6859,146.9341346266432,2.06721602112105,2.81850297775918,2.45762229852507,-2.354399008674102,7.936101691300368,-0.2401392659543422
2017-04-30,19.24652777777778,15.72,26.25,48217.0,108.9667,147.64422761579598,2.65583018363109,2.81850297775918,2.45762229852507,0.5758157389635254,-4.56236886900756,-0.07575014970929717,19.5,15.63,24.75,50522.0,106.1476,147.75615312299135,2.37418974036005,2.81850297775918,2.45762229852507,-0.8248730964466988,-0.16993360733480456,0.5594469239138089
2017-05-31,19.633928571428573,16.38,26.25,46146.0,110.5301,148.506517670411,1.43475024938812,2.81850297775918,2.45762229852507,4.198473282442738,-4.295165605491835,0.5840323516466128,19.24652777777778,15.72,26.25,48217.0,108.9667,147.64422761579598,2.65583018363109,2.81850297775918,2.45762229852507,0.5758157389635254,-4.56236886900756,-0.07575014970929717
2017-06-30,19.80952380952381,16.88,26.25,47995.0,111.8477,150.16406696867037,1.19207347138923,2.81850297775918,2.45762229852507,3.0525030525030417,4.006847830797899,1.1161458259617119,19.633928571428573,16.38,26.25,46146.0,110.5301,148.506517670411,1.43475024938812,2.81850297775918,2.45762229852507,4.198473282442738,-4.295165605491835,0.5840323516466128
2017-07-31,20.160714285714285,17.94,26.25,47014.0,113.7852,150.41944165359786,1.7322662871029002,2.81850297775918,2.45762229852507,6.279620853080581,-2.043962912803421,0.170063777628493,19.80952380952381,16.88,26.25,47995.0,111.8477,150.16406696867037,1.19207347138923,2.81850297775918,2.45762229852507,3.0525030525030417,4.006847830797899,1.1161458259617119
2017-08-31,20.806818181818183,17.61,26.25,48877.0,115.3819,150.44302122832045,1.40325806871193,2.81850297775918,2.45762229852507,-1.8394648829431537,3.962649423575959,0.01567588236159878,20.160714285714285,17.94,26.25,47014.0,113.7852,150.41944165359786,1.7322662871029002,2.81850297775918,2.45762229852507,6.279620853080581,-2.043962912803421,0.170063777628493
2017-09-30,21.327380952380953,17.6,26.25,50237.0,117.5719,151.22418367580548,1.89804466731784,2.81850297775918,2.45762229852507,-0.05678591709254999,2.7824948339709943,0.5192413985753985,20.806818181818183,17.61,26.25,48877.0,115.3819,150.44302122832045,1.40325806871193,2.81850297775918,2.45762229852507,-1.8394648829431537,3.962649423575959,0.01567588236159878
2017-10-31,21.645833333333332,17.93,27.75,51810.0,119.3528,151.758219009497,1.51473268697708,2.81850297775918,2.45762229852507,1.8749999999999822,3.1311583096124362,0.35314148882190644,21.327380952380953,17.6,26.25,50237.0,117.5719,151.22418367580548,1.89804466731784,2.81850297775918,2.45762229852507,-0.05678591709254999,2.7824948339709943,0.5192413985753985
2017-11-30,22.59375,17.63,28.75,54563.0,120.994,152.5742130755417,1.3750829473627701,2.81850297775918,2.45762229852507,-1.673173452314558,5.313646014282947,0.5376934912458609,21.645833333333332,17.93,27.75,51810.0,119.3528,151.758219009497,1.51473268697708,2.81850297775918,2.45762229852507,1.8749999999999822,3.1311583096124362,0.35314148882190644
2017-12-31,23.273026315789473,18.92,28.75,55055.0,124.7956,152.11469489125977,3.14197398218092,2.81850297775918,2.45762229852507,7.317073170731714,0.9017099499661008,-0.3011768338955223,22.59375,17.63,28.75,54563.0,120.994,152.5742130755417,1.3750829473627701,2.81850297775918,2.45762229852507,-1.673173452314558,5.313646014282947,0.5376934912458609
2018-01-31,22.96590909090909,19.93,27.25,62024.0,126.9887,150.73526012195717,1.7573536246470098,-2.61739646282038,2.96650506901305,5.338266384778012,12.65825084006902,-0.9068385998398765,23.273026315789473,18.92,28.75,55055.0,124.7956,152.11469489125977,3.14197398218092,2.81850297775918,2.45762229852507,7.317073170731714,0.9017099499661008,-0.3011768338955223
2018-02-28,22.78125,20.42,27.25,61509.0,130.0606,151.90328057084443,2.4190341345332302,-2.61739646282038,2.96650506901305,2.4586051179127155,-0.8303237456468437,0.7748820335349738,22.96590909090909,19.93,27.25,62024.0,126.9887,150.73526012195717,1.7573536246470098,-2.61739646282038,2.96650506901305,5.338266384778012,12.65825084006902,-0.9068385998398765
2018-03-31,22.8125,20.44,27.25,61726.0,133.1054,151.33512477508165,2.34106255084169,-2.61739646282038,2.96650506901305,0.09794319294809117,0.35279390007967315,-0.374024704158904,22.78125,20.42,27.25,61509.0,130.0606,151.90328057084443,2.4190341345332302,-2.61739646282038,2.96650506901305,2.4586051179127155,-0.8303237456468437,0.7748820335349738
2018-04-30,22.81578947368421,20.88,30.25,56623.0,136.7512,146.83545544273494,2.7390323758465103,-2.61739646282038,2.96650506901305,2.152641878669259,-8.267180766613746,-2.9733145818158446,22.8125,20.44,27.25,61726.0,133.1054,151.33512477508165,2.34106255084169,-2.61739646282038,2.96650506901305,0.09794319294809117,0.35279390007967315,-0.374024704158904
2018-05-31,28.285714285714285,25.51,40.0,50098.0,139.5893,144.73606068174158,2.07537484131765,-2.61739646282038,2.96650506901305,22.174329501915715,-11.523585822015791,-1.4297601043721464,22.81578947368421,20.88,30.25,56623.0,136.7512,146.83545544273494,2.7390323758465103,-2.61739646282038,2.96650506901305,2.152641878669259,-8.267180766613746,-2.9733145818158446
2018-06-30,30.565625,29.57,40.0,61881.0,144.8053,143.43435071467957,3.7366760919353896,-2.61739646282038,2.96650506901305,15.915327322618577,23.519900994051657,-0.8993681055921021,28.285714285714285,25.51,40.0,50098.0,139.5893,144.73606068174158,2.07537484131765,-2.61739646282038,2.96650506901305,22.174329501915715,-11.523585822015791,-1.4297601043721464
2018-07-31,34.520833333333336,28.03,40.0,57996.0,149.2966,143.8593540054695,3.10161299344708,-2.61739646282038,2.96650506901305,-5.207981061887046,-6.278179085664426,0.29630509614488876,30.565625,29.57,40.0,61881.0,144.8053,143.43435071467957,3.7366760919353896,-2.61739646282038,2.96650506901305,15.915327322618577,23.519900994051657,-0.8993681055921021
2018-08-31,35.16761363636363,38.0,60.0,52658.0,155.1034,146.6868146054301,3.88943887536621,-2.61739646282038,2.96650506901305,35.56903317873705,-9.204083040209666,1.9654339611820504,34.520833333333336,28.03,40.0,57996.0,149.2966,143.8593540054695,3.10161299344708,-2.61739646282038,2.96650506901305,-5.207981061887046,-6.278179085664426,0.29630509614488876
2018-09-30,41.85625,41.89,65.0,49003.0,165.2383,143.21638592657462,6.534286160071299,-2.61739646282038,2.96650506901305,10.236842105263166,-6.941015610163703,-2.365876366045938,35.16761363636363,38.0,60.0,52658.0,155.1034,146.6868146054301,3.88943887536621,-2.61739646282038,2.96650506901305,35.56903317873705,-9.204083040209666,1.9654339611820504
2018-10-31,50.49147727272727,36.98,68.048,53955.0,174.1473,143.46264585114906,5.39160715161073,-2.61739646282038,2.96650506901305,-11.721174504655064,10.105503744668699,0.17194954542472107,41.85625,41.89,65.0,49003.0,165.2383,143.21638592657462,6.534286160071299,-2.61739646282038,2.96650506901305,10.236842105263166,-6.941015610163703,-2.365876366045938
2018-11-30,51.36513157894737,38.81,60.753,51193.0,179.6388,141.5857201570667,3.1533649961842602,-2.61739646282038,2.96650506901305,4.94862087614929,-5.119080715410995,-1.308302717370613,50.49147727272727,36.98,68.048,53955.0,174.1473,143.46264585114906,5.39160715161073,-2.61739646282038,2.96650506901305,-11.721174504655064,10.105503744668699,0.17194954542472107
2018-12-31,48.635416666666664,38.85,59.252,65786.0,184.2552,142.00617267082225,2.56982344571439,-2.61739646282038,2.96650506901305,0.10306622004638832,28.505850409235634,0.29695968865302014,51.36513157894737,38.81,60.753,51193.0,179.6388,141.5857201570667,3.1533649961842602,-2.61739646282038,2.96650506901305,4.94862087614929,-5.119080715410995,-1.308302717370613
2019-01-31,45.8125,38.28,53.687,66811.0,189.6101,141.79432368279794,2.90624090934745,-2.00086100285785,2.58382533412825,-1.4671814671814665,1.5580822667436767,-0.14918294327627146,48.635416666666664,38.85,59.252,65786.0,184.2552,142.00617267082225,2.56982344571439,-2.61739646282038,2.96650506901305,0.10306622004638832,28.505850409235634,0.29695968865302014
2019-02-28,37.584375,40.14,50.127,68015.0,196.7501,144.15550670865235,3.76562218995719,-2.00086100285785,2.58382533412825,4.858934169279006,1.8020984568409393,1.6652168891728936,45.8125,38.28,53.687,66811.0,189.6101,141.79432368279794,2.90624090934745,-2.00086100285785,2.58382533412825,-1.4671814671814665,1.5580822667436767,-0.14918294327627146
2019-03-31,41.67434210526316,44.4,68.155,66187.0,205.9571,142.59443805924374,4.67954018828959,-2.00086100285785,2.58382533412825,10.612855007473843,-2.687642431816506,-1.0829060124381007,37.584375,40.14,50.127,68015.0,196.7501,144.15550670865235,3.76562218995719,-2.00086100285785,2.58382533412825,4.858934169279006,1.8020984568409393,1.6652168891728936
2019-04-30,48.70723684210526,45.36,73.93,71663.0,212.9596414,142.60231019450458,3.44469794923312,-2.00086100285785,2.58382533412825,2.1621621621621623,8.273528034206112,0.005520646785384109,41.67434210526316,44.4,68.155,66187.0,205.9571,142.59443805924374,4.67954018828959,-2.00086100285785,2.58382533412825,10.612855007473843,-2.687642431816506,-1.0829060124381007
2019-05-31,52.58806818181818,46.1,70.73,64779.0,219.5691,144.6132395614579,3.05906969998361,-2.00086100285785,2.58382533412825,1.6313932980599688,-9.60607286884445,1.4101660514548975,48.70723684210526,45.36,73.93,71663.0,212.9596414,142.60231019450458,3.44469794923312,-2.00086100285785,2.58382533412825,2.1621621621621623,8.273528034206112,0.005520646785384109
2019-06-30,50.895833333333336,43.7,62.688,64278.0,225.537,143.72744711431142,2.71800540239952,-2.00086100285785,2.58382533412825,-5.206073752711493,-0.7733987866438197,-0.6125251393528486,52.58806818181818,46.1,70.73,64779.0,219.5691,144.6132395614579,3.05906969998361,-2.00086100285785,2.58382533412825,1.6313932980599688,-9.60607286884445,1.4101660514548975
2019-07-31,48.625,45.02,60.396,67899.0,230.494,145.55248976350893,2.1978655386921,-2.00086100285785,2.58382533412825,3.020594965675061,5.6333426677868115,1.2697941039375715,50.895833333333336,43.7,62.688,64278.0,225.537,143.72744711431142,2.71800540239952,-2.00086100285785,2.58382533412825,-5.206073752711493,-0.7733987866438197,-0.6125251393528486
2019-08-31,55.44345238095238,62.04,83.264,54100.0,239.6077,144.6185374108843,3.95398578704868,-2.00086100285785,2.58382533412825,37.80541981341625,-20.322832442304005,-0.6416601695663826,48.625,45.02,60.396,67899.0,230.494,145.55248976350893,2.1978655386921,-2.00086100285785,2.58382533412825,3.020594965675061,5.6333426677868115,1.2697941039375715
2019-09-30,59.95238095238095,59.82,78.372,48703.0,253.7102,140.45106888843378,5.885662272122301,-2.00086100285785,2.58382533412825,-3.578336557059958,-9.975970425138636,-2.881697323912269,55.44345238095238,62.04,83.264,54100.0,239.6077,144.6185374108843,3.95398578704868,-2.00086100285785,2.58382533412825,37.80541981341625,-20.322832442304005,-0.6416601695663826
2019-10-31,55.12215909090909,63.23,68.002,43260.0,262.0661,143.742263900992,3.29348209098412,-2.00086100285785,2.58382533412825,5.700434637245055,-11.17590292179127,2.3433036420481335,59.95238095238095,59.82,78.372,48703.0,253.7102,140.45106888843378,5.885662272122301,-2.00086100285785,2.58382533412825,-3.578336557059958,-9.975970425138636,-2.881697323912269
2019-11-30,45.98684210526316,62.93,63.002,43772.0,273.2158,140.8263802272095,4.25453730948031,-2.00086100285785,2.58382533412825,-0.474458326743632,1.183541377716124,-2.028549985681949,55.12215909090909,63.23,68.002,43260.0,262.0661,143.742263900992,3.29348209098412,-2.00086100285785,2.58382533412825,5.700434637245055,-11.17590292179127,2.3433036420481335
2019-12-31,41.953947368421055,62.99,55.0,44848.0,283.4442,140.10762172203482,3.74370735513833,-2.00086100285785,2.58382533412825,0.0953440330526023,2.45819245179566,-0.5103862671291037,45.98684210526316,62.93,63.002,43772.0,273.2158,140.8263802272095,4.25453730948031,-2.00086100285785,2.58382533412825,-0.474458326743632,1.183541377716124,-2.028549985681949
2020-01-31,36.15056818181818,63.03,50.0,44917.0,289.8299,140.6036798183564,2.25289492605598,-9.9004848136464,-2.16302914036166,0.06350214319732483,0.15385301462718104,0.3540550401360143,41.953947368421055,62.99,55.0,44848.0,283.4442,140.10762172203482,3.74370735513833,-2.00086100285785,2.58382533412825,0.0953440330526023,2.45819245179566,-0.5103862671291037
2020-02-29,33.58680555555556,64.26,40.0,44791.0,295.666,139.35074093412922,2.0136293736429502,-9.9004848136464,-2.16302914036166,1.9514516896715906,-0.280517398757707,-0.8911138640509519,36.15056818181818,63.03,50.0,44917.0,289.8299,140.6036798183564,2.25289492605598,-9.9004848136464,-2.16302914036166,0.06350214319732483,0.15385301462718104,0.3540550401360143
2020-03-31,29.56578947368421,66.58,38.0,43561.0,305.5515,125.97316204831112,3.34346864367225,-9.9004848136464,-2.16302914036166,3.6103330220977226,-2.7460873836261723,-9.599933804544069,33.58680555555556,64.26,40.0,44791.0,295.666,139.35074093412922,2.0136293736429502,-9.9004848136464,-2.16302914036166,1.9514516896715906,-0.280517398757707,-0.8911138640509519
2020-04-30,19.984375,69.16,38.0,43568.0,310.1243,106.18032476382056,1.49657259087256,-9.9004848136464,-2.16302914036166,3.8750375488134647,0.016069419893938175,-15.711947658263858,29.56578947368421,66.58,38.0,43561.0,305.5515,125.97316204831112,3.34346864367225,-9.9004848136464,-2.16302914036166,3.6103330220977226,-2.7460873836261723,-9.599933804544069
2020-05-31,23.4375,70.76,38.0,42589.0,314.9087,117.56499589517144,1.54273625123861,-9.9004848136464,-2.16302914036166,2.3134759976865427,-2.247062063900107,10.722015737542767,19.984375,69.16,38.0,43568.0,310.1243,106.18032476382056,1.49657259087256,-9.9004848136464,-2.16302914036166,3.8750375488134647,0.016069419893938175,-15.711947658263858
2020-06-30,29.535714285714285,74.07,38.0,43242.0,321.9738,124.71912720009033,2.2435391591276903,-9.9004848136464,-2.16302914036166,4.677784058790269,1.5332597619103439,6.085256287762708,23.4375,70.76,38.0,42589.0,314.9087,117.56499589517144,1.54273625123861,-9.9004848136464,-2.16302914036166,2.3134759976865427,-2.247062063900107,10.722015737542767
2020-07-31,29.532738095238095,76.39,38.0,43386.0,328.2014,126.2676630625566,1.93419464565129,-9.9004848136464,-2.16302914036166,3.132172269474842,0.3330095740252448,1.2416185850802952,29.535714285714285,74.07,38.0,43242.0,321.9738,124.71912720009033,2.2435391591276903,-9.9004848136464,-2.16302914036166,4.677784058790269,1.5332597619103439,6.085256287762708
2020-08-31,29.653125,78.36,38.0,42842.0,337.0632,128.8629726485103,2.70011035906612,-9.9004848136464,-2.16302914036166,2.5788715800497464,-1.2538606923892526,2.0554031990501764,29.532738095238095,76.39,38.0,43386.0,328.2014,126.2676630625566,1.93419464565129,-9.9004848136464,-2.16302914036166,3.132172269474842,0.3330095740252448,1.2416185850802952
2020-09-30,29.744318181818183,80.63,38.0,41379.0,346.6207,130.69181304546763,2.8355216469789504,-9.9004848136464,-2.16302914036166,2.8968861664114387,-3.4148732552168437,1.4192132614740505,29.653125,78.36,38.0,42842.0,337.0632,128.8629726485103,2.70011035906612,-9.9004848136464,-2.16302914036166,2.5788715800497464,-1.2538606923892526,2.0554031990501764
2020-10-31,30.696428571428573,83.89,36.0,39856.0,359.657,133.2652589793559,3.7609698439821897,-9.9004848136464,-2.16302914036166,4.043160114101463,-3.680610937915363,1.9690949830139637,29.744318181818183,80.63,38.0,41379.0,346.6207,130.69181304546763,2.8355216469789504,-9.9004848136464,-2.16302914036166,2.8968861664114387,-3.4148732552168437,1.4192132614740505
2020-11-30,32.94078947368421,86.72,38.0,38652.0,371.0211,134.71071040246167,3.15970494109665,-9.9004848136464,-2.16302914036166,3.3734652521158592,-3.020875150541946,1.084642339778652,30.696428571428573,83.89,36.0,39856.0,359.657,133.2652589793559,3.7609698439821897,-9.9004848136464,-2.16302914036166,4.043160114101463,-3.680610937915363,1.9690949830139637
2020-12-31,34.21527777777778,89.87,38.0,39387.0,385.8826,136.8230877290651,4.00556733835353,-9.9004848136464,-2.16302914036166,3.632380073800734,1.9015833592052056,1.5680841711045002,32.94078947368421,86.72,38.0,38652.0,371.0211,134.71071040246167,3.15970494109665,-9.9004848136464,-2.16302914036166,3.3734652521158592,-3.020875150541946,1.084642339778652
2021-01-31,34.121875,92.7,38.0,39515.0,401.5071,139.6389457898663,4.04902941982872,10.4418119882506,6.05505293244555,3.1489929898742552,0.32498032345698036,2.058028442083648,34.21527777777778,89.87,38.0,39387.0,385.8826,136.8230877290651,4.00556733835353,-9.9004848136464,-2.16302914036166,3.632380073800734,1.9015833592052056,1.5680841711045002
2021-02-28,34.10069444444444,95.12,38.0,39518.0,415.8595,138.0951140943037,3.57463168148211,10.4418119882506,6.05505293244555,2.6105717367853387,0.007592053650506969,-1.1055881916251509,34.121875,92.7,38.0,39515.0,401.5071,139.6389457898663,4.04902941982872,10.4418119882506,6.05505293244555,3.1489929898742552,0.32498032345698036,2.058028442083648
2021-03-31,34.06818181818182,97.69,38.0,39593.0,435.8657,141.03398403621657,4.81080749628179,10.4418119882506,6.05505293244555,2.7018502943650047,0.18978693253706158,2.1281491102617345,34.10069444444444,95.12,38.0,39518.0,415.8595,138.0951140943037,3.57463168148211,10.4418119882506,6.05505293244555,2.6105717367853387,0.007592053650506969,-1.1055881916251509
2021-04-30,34.096875,98.9,38.0,40263.0,453.6503,139.45903788617423,4.080293539959659,10.4418119882506,6.05505293244555,1.2386119357150172,1.6922183214204578,-1.1167139330318432,34.06818181818182,97.69,38.0,39593.0,435.8657,141.03398403621657,4.81080749628179,10.4418119882506,6.05505293244555,2.7018502943650047,0.18978693253706158,2.1281491102617345
2021-05-31,34.11513157894737,100.09,38.0,41872.0,468.725,138.97237834209403,3.3229780736395402,10.4418119882506,6.05505293244555,1.2032355915065684,3.99622482179669,-0.3489623558692645,34.096875,98.9,38.0,40263.0,453.6503,139.45903788617423,4.080293539959659,10.4418119882506,6.05505293244555,1.2386119357150172,1.6922183214204578,-1.1167139330318432
2021-06-30,34.11904761904762,101.17,38.0,42437.0,483.6049,141.52841212917215,3.1745479758920503,10.4418119882506,6.05505293244555,1.079028874013388,1.3493504012227708,1.8392387160462986,34.11513157894737,100.09,38.0,41872.0,468.725,138.97237834209403,3.3229780736395402,10.4418119882506,6.05505293244555,1.2032355915065684,3.99622482179669,-0.3489623558692645
2021-07-31,34.13095238095238,102.06,38.0,42582.0,498.0987,141.3450874886051,2.99703332203624,10.4418119882506,6.05505293244555,0.8797074231491564,0.3416829653368536,-0.12953204081718184,34.11904761904762,101.17,38.0,42437.0,483.6049,141.52841212917215,3.1745479758920503,10.4418119882506,6.05505293244555,1.079028874013388,1.3493504012227708,1.8392387160462986
2021-08-31,34.157738095238095,103.14,38.0,46180.0,510.3942,143.24815928365717,2.46848666740147,10.4418119882506,6.05505293244555,1.058201058201047,8.44957963458739,1.3464010874842058,34.13095238095238,102.06,38.0,42582.0,498.0987,141.3450874886051,2.99703332203624,10.4418119882506,6.05505293244555,0.8797074231491564,0.3416829653368536,-0.12953204081718184
2021-09-30,34.15909090909091,104.3,38.0,42911.0,528.4968,144.02680631022127,3.5467879533113797,10.4418119882506,6.05505293244555,1.1246848943184062,-7.078822000866181,0.5435651183637535,34.157738095238095,103.14,38.0,46180.0,510.3942,143.24815928365717,2.46848666740147,10.4418119882506,6.05505293244555,1.058201058201047,8.44957963458739,1.3464010874842058
2021-10-31,34.141447368421055,105.23,38.0,42817.0,547.0802,143.34148953752734,3.51627483837178,10.4418119882506,6.05505293244555,0.8916586768935808,-0.21905805038334725,-0.47582584815345497,34.15909090909091,104.3,38.0,42911.0,528.4968,144.02680631022127,3.5467879533113797,10.4418119882506,6.05505293244555,1.1246848943184062,-7.078822000866181,0.5435651183637535
2021-11-30,34.17559523809524,106.48,38.0,41530.0,560.9184,145.88334396965624,2.52946460135095,10.4418119882506,6.05505293244555,1.1878741803668103,-3.0058154471354848,1.773285906494948,34.141447368421055,105.23,38.0,42817.0,547.0802,143.34148953752734,3.51627483837178,10.4418119882506,6.05505293244555,0.8916586768935808,-0.21905805038334725,-0.47582584815345497
2021-12-31,34.2,108.29,38.0,39662.0,582.4575,149.7681865564734,3.83997030584126,10.4418119882506,6.05505293244555,1.699849737039827,-4.497953286780643,2.6629788439900492,34.17559523809524,106.48,38.0,41530.0,560.9184,145.88334396965624,2.52946460135095,10.4418119882506,6.05505293244555,1.1878741803668103,-3.0058154471354848,1.773285906494948
2022-01-31,36.92559523809524,110.71,40.0,37589.0,605.0317,148.43728728335583,3.87568191670637,6.02074537534855,2.51237531986017,2.2347400498660797,-5.226665321970647,-0.8886395059712782,34.2,108.29,38.0,39662.0,582.4575,149.7681865564734,3.83997030584126,10.4418119882506,6.05505293244555,1.699849737039827,-4.497953286780643,2.6629788439900492
2022-02-28,38.31578947368421,112.95,42.5,37018.0,633.4341,150.6328944075289,4.6943656010089905,6.02074537534855,2.51237531986017,2.023304127901726,-1.5190614275452874,1.4791479717503941,36.92559523809524,110.71,40.0,37589.0,605.0317,148.43728728335583,3.87568191670637,6.02074537534855,2.51237531986017,2.2347400498660797,-5.226665321970647,-0.8886395059712782
2022-03-31,40.541666666666664,116.45,44.5,43137.0,676.0566,150.47159205926275,6.72879783390254,6.02074537534855,2.51237531986017,3.0987162461266093,16.529796315306065,-0.10708308361238039,38.31578947368421,112.95,42.5,37018.0,633.4341,150.6328944075289,4.6943656010089905,6.02074537534855,2.51237531986017,2.023304127901726,-1.5190614275452874,1.4791479717503941
2022-04-30,43.27302631578947,120.64,47.0,42007.0,716.9399,152.0034071839209,6.04141724228415,6.02074537534855,2.51237531986017,3.5981107771575704,-2.6195609337691494,1.0180095150816637,40.541666666666664,116.45,44.5,43137.0,676.0566,150.47159205926275,6.72879783390254,6.02074537534855,2.51237531986017,3.0987162461266093,16.529796315306065,-0.10708308361238039
2022-05-31,45.521875,125.62,49.0,41561.0,753.147,152.16490263017786,5.05607476635514,6.02074537534855,2.51237531986017,4.127984084880643,-1.0617278072702185,0.10624462257056155,43.27302631578947,120.64,47.0,42007.0,716.9399,152.0034071839209,6.04141724228415,6.02074537534855,2.51237531986017,3.5981107771575704,-2.6195609337691494,1.0180095150816637
2022-06-30,48.20625,130.44,52.0,42787.0,793.0278,154.1907798078942,5.29522125162815,6.02074537534855,2.51237531986017,3.8369686355675725,2.9498808979572244,1.3313695488900157,45.521875,125.62,49.0,41561.0,753.147,152.16490263017786,5.05607476635514,6.02074537534855,2.51237531986017,4.127984084880643,-1.0617278072702185,0.10624462257056155
2022-07-31,51.07142857142857,137.93,60.0,38232.0,851.761,152.4734633194265,7.40619685715935,6.02074537534855,2.51237531986017,5.742103649187369,-10.645756888774628,-1.1137608167020807,48.20625,130.44,52.0,42787.0,793.0278,154.1907798078942,5.29522125162815,6.02074537534855,2.51237531986017,3.8369686355675725,2.9498808979572244,1.3313695488900157
2022-08-31,60.48863636363637,145.77,69.5,36734.0,911.1316,151.65743372718188,6.970335575355061,6.02074537534855,2.51237531986017,5.684042630319719,-3.918183720443602,-0.5351945017048942,51.07142857142857,137.93,60.0,38232.0,851.761,152.4734633194265,7.40619685715935,6.02074537534855,2.51237531986017,5.742103649187369,-10.645756888774628,-1.1137608167020807
2022-09-30,66.48809523809524,154.25,75.0,37625.0,967.3076,150.7750708473458,6.16551988757716,6.02074537534855,2.51237531986017,5.81738354942718,2.425545815865404,-0.5818131417305694,60.48863636363637,145.77,69.5,36734.0,911.1316,151.65743372718188,6.970335575355061,6.02074537534855,2.51237531986017,5.684042630319719,-3.918183720443602,-0.5351945017048942
2022-10-31,69.0625,163.89,75.0,38676.0,1028.706,149.23974308318589,6.34735010869345,6.02074537534855,2.51237531986017,6.249594813614245,2.7933554817275663,-1.0182901958072255,66.48809523809524,154.25,75.0,37625.0,967.3076,150.7750708473458,6.16551988757716,6.02074537534855,2.51237531986017,5.81738354942718,2.425545815865404,-0.5818131417305694
2022-11-30,69.17857142857143,174.55,75.0,38009.0,1079.2787,148.5074999013887,4.91614708186791,6.02074537534855,2.51237531986017,6.504362682286913,-1.724583721170747,-0.49064891607929484,69.0625,163.89,75.0,38676.0,1028.706,149.23974308318589,6.34735010869345,6.02074537534855,2.51237531986017,6.249594813614245,2.7933554817275663,-1.0182901958072255
2022-12-31,69.3,184.64,75.0,44598.0,1134.5875,148.5213147080778,5.12460775886709,6.02074537534855,2.51237531986017,5.780578630764799,17.335367939172297,0.009302430313784527,69.17857142857143,174.55,75.0,38009.0,1079.2787,148.5074999013887,4.91614708186791,6.02074537534855,2.51237531986017,6.504362682286913,-1.724583721170747,-0.49064891607929484
2023-01-31,69.46875,194.36,75.0,41417.0,1202.979,149.69317822957683,6.02787356638425,-1.85578803046339,2.88755600749487,5.264298093587527,-7.1326068433562035,0.7890204337352991,69.3,184.64,75.0,44598.0,1134.5875,148.5213147080778,5.12460775886709,6.02074537534855,2.51237531986017,5.780578630764799,17.335367939172297,0.009302430313784527
2023-02-28,69.77430555555556,204.39,75.0,38709.0,1282.7091,149.64274747212693,6.62772168092709,-1.85578803046339,2.88755600749487,5.160526857378045,-6.53837796074076,-0.033689415941562384,69.46875,194.36,75.0,41417.0,1202.979,149.69317822957683,6.02787356638425,-1.85578803046339,2.88755600749487,5.264298093587527,-7.1326068433562035,0.7890204337352991
2023-03-31,70.98011363636364,216.24,78.0,39060.0,1381.1601,150.83505977466783,7.67523984978355,-1.85578803046339,2.88755600749487,5.797739615441078,0.9067658684027036,0.7967725283599014,69.77430555555556,204.39,75.0,38709.0,1282.7091,149.64274747212693,6.62772168092709,-1.85578803046339,2.88755600749487,5.160526857378045,-6.53837796074076,-0.033689415941562384
2023-04-30,74.23611111111111,229.63,91.0,35001.0,1497.2147,147.36470885338534,8.40268988367096,-1.85578803046339,2.88755600749487,6.192193858675532,-10.391705069124423,-2.3007588066506823,70.98011363636364,216.24,78.0,39060.0,1381.1601,150.83505977466783,7.67523984978355,-1.85578803046339,2.88755600749487,5.797739615441078,0.9067658684027036,0.7967725283599014
2023-05-31,90.046875,250.37,97.0,33001.0,1613.5895,145.67210800721972,7.77275296589059,-1.85578803046339,2.88755600749487,9.031920916256597,-5.714122453644177,-1.148579506813674,74.23611111111111,229.63,91.0,35001.0,1497.2147,147.36470885338534,8.40268988367096,-1.85578803046339,2.88755600749487,6.192193858675532,-10.391705069124423,-2.3007588066506823
2023-06-30,92.446875,270.16,97.0,27926.0,1709.6115,146.29688511039032,5.9508319805006105,-1.85578803046339,2.88755600749487,7.904301633582311,-15.378321869034274,0.4288927453014013,90.046875,250.37,97.0,33001.0,1613.5895,145.67210800721972,7.77275296589059,-1.85578803046339,2.88755600749487,9.031920916256597,-5.714122453644177,-1.148579506813674
2023-07-31,92.60119047619048,287.92,97.0,24092.0,1818.0838,148.75232261473298,6.34485086231579,-1.85578803046339,2.88755600749487,6.573882143914722,-13.72914130201246,1.6783935642169512,92.446875,270.16,97.0,27926.0,1709.6115,146.29688511039032,5.9508319805006105,-1.85578803046339,2.88755600749487,7.904301633582311,-15.378321869034274,0.4288927453014013
2023-08-31,104.01704545454545,366.63,118.0,27818.0,2044.2832,150.0926319307934,12.44163772868995,-1.85578803046339,2.88755600749487,27.337454848569042,15.465714760086335,0.9010342107610647,92.60119047619048,287.92,97.0,24092.0,1818.0838,148.75232261473298,6.34485086231579,-1.85578803046339,2.88755600749487,6.573882143914722,-13.72914130201246,1.6783935642169512
2023-09-30,113.73511904761905,365.6,118.0,26925.0,2304.9242,149.55846428674684,12.74975013246695,-1.85578803046339,2.88755600749487,-0.2809371846275499,-3.2101517003379154,-0.3558919829541374,104.01704545454545,366.63,118.0,27818.0,2044.2832,150.0926319307934,12.44163772868995,-1.85578803046339,2.88755600749487,27.337454848569042,15.465714760086335,0.9010342107610647
2023-10-31,122.08125,367.94,133.0,22559.0,2496.273,148.14029444558713,8.30173938041001,-1.85578803046339,2.88755600749487,0.6400437636761458,-16.21541318477252,-0.9482377663631691,113.73511904761905,365.6,118.0,26925.0,2304.9242,149.55846428674684,12.74975013246695,-1.85578803046339,2.88755600749487,-0.2809371846275499,-3.2101517003379154,-0.3558919829541374
2023-11-30,129.35,378.37,133.0,21513.0,2816.0628,146.51277382726593,12.81069017691574,-1.85578803046339,2.88755600749487,2.8347013099961904,-4.636730351522678,-1.0986346587281814,122.08125,367.94,133.0,22559.0,2496.273,148.14029444558713,8.30173938041001,-1.85578803046339,2.88755600749487,0.6400437636761458,-16.21541318477252,-0.9482377663631691
2023-12-31,121.17105263157895,847.11,100.0,23073.0,3533.1922,142.94160983525137,25.46567498423684,-1.85578803046339,2.88755600749487,123.88402886063905,7.251429368288931,-2.437442073293117,129.35,378.37,133.0,21513.0,2816.0628,146.51277382726593,12.81069017691574,-1.85578803046339,2.88755600749487,2.8347013099961904,-4.636730351522678,-1.0986346587281814
2024-01-31,109.16761363636364,872.89,100.0,27642.0,4261.5324,143.76883369012882,20.61422528896106,-1.34293072157739,2.79300127716779,3.0432883568839886,19.802366402288385,0.5787145225458534,121.17105263157895,847.11,100.0,23073.0,3533.1922,142.94160983525137,25.46567498423684,-1.85578803046339,2.88755600749487,123.88402886063905,7.251429368288931,-2.437442073293117
2024-02-29,108.89473684210526,887.5,100.0,26690.0,4825.7881,143.89465322280864,13.24067605352477,-1.34293072157739,2.79300127716779,1.6737504152871452,-3.444034440344401,0.08751516545721927,109.16761363636364,872.89,100.0,27642.0,4261.5324,143.76883369012882,20.61422528896106,-1.34293072157739,2.79300127716779,3.0432883568839886,19.802366402288385,0.5787145225458534
2024-03-31,85.41447368421052,901.63,80.0,27127.0,5357.0929,142.77426190677184,11.00970015654023,-1.34293072157739,2.79300127716779,1.5921126760563453,1.6373173473210878,-0.7786191432019196,108.89473684210526,887.5,100.0,26690.0,4825.7881,143.89465322280864,13.24067605352477,-1.34293072157739,2.79300127716779,1.6737504152871452,-3.444034440344401,0.08751516545721927
2024-04-30,62.66875,920.57,60.0,27578.0,5830.2271,140.89793664197632,8.83192076060508,-1.34293072157739,2.79300127716779,2.1006399520867802,1.6625502267114012,-1.3141901346481633,85.41447368421052,901.63,80.0,27127.0,5357.0929,142.77426190677184,11.00970015654023,-1.34293072157739,2.79300127716779,1.5921126760563453,1.6373173473210878,-0.7786191432019196
2024-05-31,35.58522727272727,933.76,40.0,28664.0,6073.7,142.51215427525324,4.2,-1.34293072157739,2.79300127716779,1.432807934214675,3.9379215316556637,1.1456644942776428,62.66875,920.57,60.0,27578.0,5830.2271,140.89793664197632,8.83192076060508,-1.34293072157739,2.79300127716779,2.1006399520867802,1.6625502267114012,-1.3141901346481633
2024-06-30,33.4264705882353,950.42,40.0,29022.0,6351.7145,143.64245592690298,4.57706578830274,-1.34293072157739,2.79300127716779,1.784184372858122,1.248953391013119,0.7931264932439674,35.58522727272727,933.76,40.0,28664.0,6073.7,142.51215427525324,4.2,-1.34293072157739,2.79300127716779,1.432807934214675,3.9379215316556637,1.1456644942776428
2024-07-31,36.90625,970.88,40.0,26402.0,6607.7479,147.44117252611102,4.03093369514639,-1.34293072157739,2.79300127716779,2.1527324761684286,-9.027634208531454,2.6445639450366487,33.4264705882353,950.42,40.0,29022.0,6351.7145,143.64245592690298,4.57706578830274,-1.34293072157739,2.79300127716779,1.784184372858122,1.248953391013119,0.7931264932439674
2024-08-31,38.84375,991.42,40.0,26719.0,6883.4412,148.15608489238346,4.17227327937252,-1.34293072157739,2.79300127716779,2.1156064601186575,1.2006666161654467,0.484879734760546,36.90625,970.88,40.0,26402.0,6607.7479,147.44117252611102,4.03093369514639,-1.34293072157739,2.79300127716779,2.1527324761684286,-9.027634208531454,2.6445639450366487
2024-09-30,39.38095238095238,1004.94,40.0,27172.0,7122.2421,147.91126702726274,3.46920810480664,-1.34293072157739,2.79300127716779,1.363700550725233,1.69542273288672,-0.16524320637829604,38.84375,991.42,40.0,26719.0,6883.4412,148.15608489238346,4.17227327937252,-1.34293072157739,2.79300127716779,2.1156064601186575,1.2006666161654467,0.484879734760546
2024-10-31,40.50852272727273,1020.75,40.0,28618.0,7313.9542,148.87494748794492,2.69173804131146,-1.34293072157739,2.79300127716779,1.5732282524329788,5.321654644486973,0.6515260669794465,39.38095238095238,1004.94,40.0,27172.0,7122.2421,147.91126702726274,3.46920810480664,-1.34293072157739,2.79300127716779,1.363700550725233,1.69542273288672,-0.16524320637829604
2024-11-30,36.171052631578945,1040.27,35.0,30214.0,7491.4314,150.49590003515124,2.4265560755083597,-1.34293072157739,2.79300127716779,1.9123193730100407,5.576909637291205,1.0888014233137344,40.50852272727273,1020.75,40.0,28618.0,7313.9542,148.87494748794492,2.69173804131146,-1.34293072157739,2.79300127716779,1.5732282524329788,5.321654644486973,0.6515260669794465
2024-12-31,32.875,1060.28,32.0,29640.0,7694.0075,151.2893443454618,2.70410405146337,-1.34293072157739,2.79300127716779,1.9235390812000652,-1.89978155821805,0.5272198844787468,36.171052631578945,1040.27,35.0,30214.0,7491.4314,150.49590003515124,2.4265560755083597,-1.34293072157739,2.79300127716779,1.9123193730100407,5.576909637291205,1.0888014233137344
2025-01-31,31.49715909090909,1079.63,29.0,28310.0,7864.1257,151.84835710402444,2.21104801366518,-1.34293072157739,2.79300127716779,1.8249896253819786,-4.487179487179482,0.3694990952476829,32.875,1060.28,32.0,29640.0,7694.0075,151.2893443454618,2.70410405146337,-1.34293072157739,2.79300127716779,1.9235390812000652,-1.89978155821805,0.5272198844787468
2025-02-28,28.478125,1093.18,29.0,28117.0,8052.9927,153.14243736157638,2.40162743075178,-1.34293072157739,2.79300127716779,1.2550596037531392,-0.6817379018014824,0.8522188071257375,31.49715909090909,1079.63,29.0,28310.0,7864.1257,151.84835710402444,2.21104801366518,-1.34293072157739,2.79300127716779,1.8249896253819786,-4.487179487179482,0.3694990952476829
2025-03-31,29.506944444444443,1103.73,29.0,24986.0,8353.3158,150.32026807591762,3.7293353066121604,-1.34293072157739,2.79300127716779,0.9650743701860476,-11.135611907386988,-1.8428394730296005,28.478125,1093.18,29.0,28117.0,8052.9927,153.14243736157638,2.40162743075178,-1.34293072157739,2.79300127716779,1.2550596037531392,-0.6817379018014824,0.8522188071257375
2025-04-30,33.1546052631579,1193.88,29.0,38928.0,8585.6078,151.92898883643196,2.78083584485095,-1.34293072157739,2.79300127716779,8.167758419178606,55.79924757864405,1.070195510629257,29.506944444444443,1103.73,29.0,24986.0,8353.3158,150.32026807591762,3.7293353066121604,-1.34293072157739,2.79300127716779,0.9650743701860476,-11.135611907386988,-1.8428394730296005
2025-05-31,32.753125,1209.35,29.0,36919.0,8714.4871,151.68489734200023,1.5011086343823,-1.34293072157739,2.79300127716779,1.2957751197775202,-5.160809699958902,-0.1606615671578826,33.1546052631579,1193.88,29.0,38928.0,8585.6078,151.92898883643196,2.78083584485095,-1.34293072157739,2.79300127716779,8.167758419178606,55.79924757864405,1.070195510629257
2025-06-30,32.161184210526315,1217.87,29.0,39973.0,8855.5681,151.2477979258723,1.6189248819933302,-1.34293072157739,2.79300127716779,0.7045106875594342,8.272163384707065,-0.2881627794113273,32.753125,1209.35,29.0,36919.0,8714.4871,151.68489734200023,1.5011086343823,-1.34293072157739,2.79300127716779,1.2957751197775202,-5.160809699958902,-0.1606615671578826
2025-07-31,32.49715909090909,1385.56,29.0,38866.0,9023.973,151.51469569017755,1.90168375533128,-1.34293072157739,2.79300127716779,13.769121499010573,-2.769369324293902,0.17646390093959408,32.161184210526315,1217.87,29.0,39973.0,8855.5681,151.2477979258723,1.6189248819933302,-1.34293072157739,2.79300127716779,0.7045106875594342,8.272163384707065,-0.2881627794113273
2025-08-31,48.03125,1361.42,,39986.0,9193.2441,152.55472207534925,1.87579351135027,-1.34293072157739,2.79300127716779,-1.7422558387944154,2.881696083980856,0.686419479268463,32.49715909090909,1385.56,29.0,38866.0,9023.973,151.51469569017755,1.90168375533128,-1.34293072157739,2.79300127716779,13.769121499010573,-2.769369324293902,0.17646390093959408
2025-09-30,48.42897727272727,1406.79,,40374.0,9384.0922,153.4943406678635,2.07596032395136,-1.34293072157739,2.79300127716779,3.332549837669485,0.9703396188666114,0.6159223259245783,48.03125,1361.42,,39986.0,9193.2441,152.55472207534925,1.87579351135027,-1.34293072157739,2.79300127716779,-1.7422558387944154,2.881696083980856,0.686419479268463
2025-10-31,46.16761363636363,1475.11,,39382.0,9603.8623,152.654356053428,2.34194310239195,-1.34293072157739,2.79300127716779,4.856446235756584,-2.457026799425377,-0.547241423221656,48.42897727272727,1406.79,,40374.0,9384.0922,153.4943406678635,2.07596032395136,-1.34293072157739,2.79300127716779,3.332549837669485,0.9703396188666114,0.6159223259245783
2025-11-30,32.025735294117645,1487.59,,40335.0,9841.3581,152.48907642385822,2.47291967107856,-1.34293072157739,2.79300127716779,0.8460386005111564,2.4198872581382425,-0.10827049672392786,46.16761363636363,1475.11,,39382.0,9603.8623,152.654356053428,2.34194310239195,-1.34293072157739,2.79300127716779,4.856446235756584,-2.457026799425377,-0.547241423221656
2025-12-31,26.460526315789473,1479.28,,41167.0,10121.3715,155.2798620314735,2.8452719345717097,-1.34293072157739,2.79300127716779,-0.558621663227099,2.0627246807983113,1.8301544432324013,32.025735294117645,1487.59,,40335.0,9841.3581,152.48907642385822,2.47291967107856,-1.34293072157739,2.79300127716779,0.8460386005111564,2.4198872581382425,-0.10827049672392786
2026-01-31,31.202380952380953,1465.01,,44503.0,10413.0309,155.93678506834027,2.88161935366171,-1.34293072157739,2.79300127716779,-0.9646584825049986,8.103578108679276,0.42305745785220505,26.460526315789473,1479.28,,41167.0,10121.3715,155.2798620314735,2.8452719345717097,-1.34293072157739,2.79300127716779,-0.558621663227099,2.0627246807983113,1.8301544432324013
2026-02-28,30.791666666666668,1426.45,,45566.0,10714.6255,,2.89631907267269,-1.34293072157739,2.79300127716779,-2.632063944955998,2.3886030155270355,,31.202380952380953,1465.01,,44503.0,10413.0309,155.93678506834027,2.88161935366171,-1.34293072157739,2.79300127716779,-0.9646584825049986,8.103578108679276,0.42305745785220505
2026-03-31,27.56875,1409.48,,42052.0,11077.0608,,3.38262219244152,-1.34293072157739,2.79300127716779,-1.1896666549826462,-7.711890444629765,,30.791666666666668,1426.45,,45566.0,10714.6255,,2.89631907267269,-1.34293072157739,2.79300127716779,-2.632063944955998,2.3886030155270355,
2026-04-30,22.529605263157894,1415.8,,45818.0,,,,-1.34293072157739,2.79300127716779,0.4483923148962621,8.955578807191088,,27.56875,1409.48,,42052.0,11077.0608,,3.38262219244152,-1.34293072157739,2.79300127716779,-1.1896666549826462,-7.711890444629765,
